Source,Target,Type,weight,book
rqm,fqk,Undirected,20,20
kdv,nth,Undirected,20,20
bkq,vcg,Undirected,20,20
kpc,krz,Undirected,20,20
mmv,knr,Undirected,20,20
vtz,bfk,Undirected,20,20
vjn,gjf,Undirected,20,20
nnc,dkt,Undirected,20,20
ksd,tnj,Undirected,20,20
qff,mzs,Undirected,20,20
bcp,rnk,Undirected,20,20
dpj,gjf,Undirected,20,20
zpk,ftr,Undirected,20,20
vfz,zxg,Undirected,20,20
hnl,kpc,Undirected,20,20
nxt,hcn,Undirected,20,20
cks,vcg,Undirected,20,20
fvl,gff,Undirected,20,20
kpn,kkb,Undirected,20,20
tdq,cnc,Undirected,20,20
tfg,rqm,Undirected,20,20
ccp,fgb,Undirected,20,20
jrb,hsz,Undirected,20,20
fdk,nnv,Undirected,20,20
mfq,pdh,Undirected,20,20
sjk,hnl,Undirected,20,20
nks,sht,Undirected,20,20
mhb,zxf,Undirected,20,20
ctf,jdn,Undirected,20,20
zdh,vff,Undirected,20,20
rgf,ldd,Undirected,20,20
hjz,njs,Undirected,20,20
pfb,svh,Undirected,20,20
hgz,czd,Undirected,20,20
ccd,hbs,Undirected,20,20
lnl,lzb,Undirected,20,20
mbm,lzs,Undirected,20,20
ssn,jds,Undirected,20,20
rkd,zxp,Undirected,20,20
qrp,zsv,Undirected,20,20
lzl,xlg,Undirected,20,20
ccl,zlm,Undirected,20,20
dpg,psf,Undirected,20,20
sdf,rvl,Undirected,20,20
mmq,bmf,Undirected,20,20
jvt,kzq,Undirected,20,20
blk,zqm,Undirected,20,20
xtb,rjb,Undirected,20,20
qrv,bzq,Undirected,20,20
fvl,fhn,Undirected,20,20
lfd,gzf,Undirected,20,20
jsx,dsm,Undirected,20,20
qfx,hgz,Undirected,20,20
lvg,rjn,Undirected,20,20
rqq,nrc,Undirected,20,20
xjg,bgl,Undirected,20,20
qgf,fsg,Undirected,20,20
ndv,rhc,Undirected,20,20
qgj,bvl,Undirected,20,20
rbh,cdl,Undirected,20,20
lkk,jkl,Undirected,20,20
skh,sgz,Undirected,20,20
jvt,nhn,Undirected,20,20
krq,ndr,Undirected,20,20
sdz,glz,Undirected,20,20
dch,mlp,Undirected,20,20
jhz,kcp,Undirected,20,20
dts,gqr,Undirected,20,20
nsf,qdh,Undirected,20,20
xlr,vbv,Undirected,20,20
fnc,ncp,Undirected,20,20
pbx,lbg,Undirected,20,20
qzm,jzg,Undirected,20,20
gmk,bzm,Undirected,20,20
lbz,ljt,Undirected,20,20
sbr,vhk,Undirected,20,20
nnp,mlh,Undirected,20,20
zqm,gzf,Undirected,20,20
zbx,thx,Undirected,20,20
ngd,zvl,Undirected,20,20
knv,rrs,Undirected,20,20
czz,gpn,Undirected,20,20
dbb,nlq,Undirected,20,20
zsv,knr,Undirected,20,20
tbv,txh,Undirected,20,20
mqf,rfx,Undirected,20,20
jpq,tgt,Undirected,20,20
zbp,tvq,Undirected,20,20
qjh,flg,Undirected,20,20
tnj,pfd,Undirected,20,20
dgn,vfd,Undirected,20,20
nsd,qff,Undirected,20,20
dhl,dxl,Undirected,20,20
vjn,qnj,Undirected,20,20
vff,fgl,Undirected,20,20
dts,fxd,Undirected,20,20
klm,kbv,Undirected,20,20
rnd,vtz,Undirected,20,20
pds,cbz,Undirected,20,20
ngn,jrl,Undirected,20,20
bgj,fkj,Undirected,20,20
xmj,zss,Undirected,20,20
fkx,ddf,Undirected,20,20
tmf,rkq,Undirected,20,20
mcv,fmh,Undirected,20,20
rtb,rfg,Undirected,20,20
pzj,tmm,Undirected,20,20
gzp,thh,Undirected,20,20
fhq,prz,Undirected,20,20
csj,cck,Undirected,20,20
bvl,gsv,Undirected,20,20
cms,xmp,Undirected,20,20
zvz,ncp,Undirected,20,20
ddl,bsx,Undirected,20,20
rgn,rjn,Undirected,20,20
xfv,bfb,Undirected,20,20
dgb,pvq,Undirected,20,20
vpt,fdh,Undirected,20,20
lkz,rsr,Undirected,20,20
sxp,pvq,Undirected,20,20
dlv,zxs,Undirected,20,20
hcz,zhp,Undirected,20,20
xxz,qrr,Undirected,20,20
cxb,cpg,Undirected,20,20
nrh,rfg,Undirected,20,20
dfk,ksx,Undirected,20,20
hrz,tbp,Undirected,20,20
cbz,hfl,Undirected,20,20
gcj,qcv,Undirected,20,20
dqn,xlc,Undirected,20,20
rqr,zfq,Undirected,20,20
fhq,bmd,Undirected,20,20
ngp,ggc,Undirected,20,20
nsd,shl,Undirected,20,20
rvc,jvt,Undirected,20,20
kfz,thx,Undirected,20,20
lcr,nlp,Undirected,20,20
tzk,jmc,Undirected,20,20
zfj,rpt,Undirected,20,20
rrb,ptp,Undirected,20,20
ncf,jnf,Undirected,20,20
dkc,lpk,Undirected,20,20
btq,gzd,Undirected,20,20
tqc,zjp,Undirected,20,20
mdj,gqf,Undirected,20,20
dhh,sdk,Undirected,20,20
xdk,rzb,Undirected,20,20
hpx,cxd,Undirected,20,20
stj,psf,Undirected,20,20
hrk,pjj,Undirected,20,20
tzk,gjk,Undirected,20,20
vqk,hkd,Undirected,20,20
tpp,jsg,Undirected,20,20
fkx,qpz,Undirected,20,20
nvr,hnq,Undirected,20,20
bns,jpn,Undirected,20,20
ljb,nnt,Undirected,20,20
hqh,mrx,Undirected,20,20
lvp,lbq,Undirected,20,20
fpc,tcx,Undirected,20,20
clj,xmp,Undirected,20,20
gxp,ctd,Undirected,20,20
tfc,fqk,Undirected,20,20
lpq,nxb,Undirected,20,20
cbp,dpd,Undirected,20,20
lzl,qkt,Undirected,20,20
kfb,jzk,Undirected,20,20
hrk,zfb,Undirected,20,20
rdr,lks,Undirected,20,20
ggc,jsr,Undirected,20,20
bkl,cpb,Undirected,20,20
chc,ntb,Undirected,20,20
dnl,hxq,Undirected,20,20
lbv,nzl,Undirected,20,20
cvm,tbk,Undirected,20,20
kzx,lhf,Undirected,20,20
xfv,gsc,Undirected,20,20
jpj,mcg,Undirected,20,20
qnm,ftc,Undirected,20,20
fzf,ctd,Undirected,20,20
fcv,kcp,Undirected,20,20
mlh,zvd,Undirected,20,20
rnk,ksj,Undirected,20,20
dlt,gdg,Undirected,20,20
lbq,lgc,Undirected,20,20
lxl,gdh,Undirected,20,20
rnh,jjr,Undirected,20,20
vpq,gzl,Undirected,20,20
gns,crr,Undirected,20,20
gzv,lkz,Undirected,20,20
pkp,tmq,Undirected,20,20
bnj,trk,Undirected,20,20
ffp,fzz,Undirected,20,20
tkz,mmv,Undirected,20,20
xpm,tkh,Undirected,20,20
pbx,zfj,Undirected,20,20
zth,mtb,Undirected,20,20
kqb,xpz,Undirected,20,20
ttb,xqg,Undirected,20,20
tct,scc,Undirected,20,20
pvh,vdn,Undirected,20,20
qpz,clf,Undirected,20,20
fxk,gff,Undirected,20,20
ltm,clt,Undirected,20,20
tzd,mqk,Undirected,20,20
nvd,mvf,Undirected,20,20
lpz,qpp,Undirected,20,20
fqn,tlk,Undirected,20,20
glv,qks,Undirected,20,20
hhq,fzz,Undirected,20,20
bnk,hdq,Undirected,20,20
mmv,fbt,Undirected,20,20
sgh,bbt,Undirected,20,20
tqh,shl,Undirected,20,20
vrk,mlm,Undirected,20,20
fcz,fmt,Undirected,20,20
kml,jlk,Undirected,20,20
qgc,xmn,Undirected,20,20
ljt,mvs,Undirected,20,20
xnz,pmt,Undirected,20,20
vdk,tdz,Undirected,20,20
rgx,zmd,Undirected,20,20
mhg,ktq,Undirected,20,20
kmx,ztm,Undirected,20,20
hjr,qfj,Undirected,20,20
qvr,jgm,Undirected,20,20
pkr,nks,Undirected,20,20
lld,ppz,Undirected,20,20
cqx,lkk,Undirected,20,20
lnl,spd,Undirected,20,20
lqr,hfg,Undirected,20,20
mdg,frh,Undirected,20,20
nth,vtg,Undirected,20,20
tdv,krq,Undirected,20,20
bqd,zdx,Undirected,20,20
fcv,zlc,Undirected,20,20
qsr,bfx,Undirected,20,20
xrs,nlr,Undirected,20,20
dbl,stj,Undirected,20,20
qmh,nhs,Undirected,20,20
fdc,vzq,Undirected,20,20
tvq,ccp,Undirected,20,20
bfn,dxl,Undirected,20,20
bjf,ljf,Undirected,20,20
dfj,xzk,Undirected,20,20
lxx,qpg,Undirected,20,20
lfj,pfp,Undirected,20,20
xcg,phd,Undirected,20,20
phl,rpx,Undirected,20,20
blh,ljb,Undirected,20,20
tlk,xhm,Undirected,20,20
lln,zmr,Undirected,20,20
ccl,cbt,Undirected,20,20
rkd,kfm,Undirected,20,20
zjr,cbs,Undirected,20,20
knh,zxc,Undirected,20,20
gtt,kzg,Undirected,20,20
gvg,lvv,Undirected,20,20
pnl,jnn,Undirected,20,20
xpf,xpn,Undirected,20,20
jxj,qbm,Undirected,20,20
vzq,pcm,Undirected,20,20
pkp,xqc,Undirected,20,20
dkc,rxj,Undirected,20,20
kff,tzk,Undirected,20,20
nqc,njf,Undirected,20,20
nhn,rbd,Undirected,20,20
fln,rts,Undirected,20,20
slj,nzl,Undirected,20,20
kdh,zmq,Undirected,20,20
tzm,mzs,Undirected,20,20
cln,vdk,Undirected,20,20
gbx,zst,Undirected,20,20
pbn,pmf,Undirected,20,20
jhg,snd,Undirected,20,20
qfd,kvg,Undirected,20,20
sdr,bzk,Undirected,20,20
gvr,cxd,Undirected,20,20
tfb,nvp,Undirected,20,20
tfc,hrn,Undirected,20,20
dlv,dtg,Undirected,20,20
nqt,jhg,Undirected,20,20
qgc,nrn,Undirected,20,20
jvt,dgx,Undirected,20,20
lhs,vkb,Undirected,20,20
rcp,dbb,Undirected,20,20
mqs,pnl,Undirected,20,20
lmz,bmr,Undirected,20,20
gpl,tfv,Undirected,20,20
jpk,gpq,Undirected,20,20
cbr,ddd,Undirected,20,20
jrd,dlk,Undirected,20,20
hrz,njf,Undirected,20,20
vvf,dsm,Undirected,20,20
sjc,xfm,Undirected,20,20
nnt,plj,Undirected,20,20
cbs,xcs,Undirected,20,20
ttv,tzd,Undirected,20,20
ppz,xzj,Undirected,20,20
mfq,flg,Undirected,20,20
rxz,dgm,Undirected,20,20
qlt,vxm,Undirected,20,20
nsc,bkj,Undirected,20,20
fkv,qlh,Undirected,20,20
llz,ptl,Undirected,20,20
fmt,fdt,Undirected,20,20
zsk,hgb,Undirected,20,20
nvb,zvl,Undirected,20,20
hdc,kld,Undirected,20,20
bhj,zpr,Undirected,20,20
lfd,vtm,Undirected,20,20
ndh,qnm,Undirected,20,20
smd,msc,Undirected,20,20
zms,mph,Undirected,20,20
mzh,lkz,Undirected,20,20
qbc,nvb,Undirected,20,20
bbc,psz,Undirected,20,20
dlf,khp,Undirected,20,20
dfj,qzc,Undirected,20,20
jdz,cgd,Undirected,20,20
fll,tbx,Undirected,20,20
lmf,fmf,Undirected,20,20
dgx,qpx,Undirected,20,20
ssn,jxr,Undirected,20,20
zqh,tgc,Undirected,20,20
fvl,hcz,Undirected,20,20
fcz,pgt,Undirected,20,20
fjs,bsb,Undirected,20,20
pll,kbp,Undirected,20,20
bcm,jjg,Undirected,20,20
drz,nss,Undirected,20,20
xmb,mnt,Undirected,20,20
jrc,slm,Undirected,20,20
jnv,sgh,Undirected,20,20
nqz,sgg,Undirected,20,20
vlb,ggj,Undirected,20,20
tnj,rcz,Undirected,20,20
xmn,glv,Undirected,20,20
gfc,fkn,Undirected,20,20
ffv,pdb,Undirected,20,20
clj,mtg,Undirected,20,20
dpd,ppz,Undirected,20,20
nxd,dtc,Undirected,20,20
gqt,mtp,Undirected,20,20
qff,ttn,Undirected,20,20
jnv,qgm,Undirected,20,20
xfv,zfj,Undirected,20,20
zbv,bfx,Undirected,20,20
jrl,mtp,Undirected,20,20
nlr,fhg,Undirected,20,20
dxq,fxk,Undirected,20,20
cvc,tpf,Undirected,20,20
qmr,rjb,Undirected,20,20
zms,zdt,Undirected,20,20
ksx,jhg,Undirected,20,20
xgx,rxx,Undirected,20,20
glz,pgp,Undirected,20,20
lpq,fkn,Undirected,20,20
ldl,svh,Undirected,20,20
rfn,vpq,Undirected,20,20
dfj,rgf,Undirected,20,20
mlc,lbb,Undirected,20,20
htf,mcb,Undirected,20,20
rxh,mmp,Undirected,20,20
xrn,bmr,Undirected,20,20
dlt,fdf,Undirected,20,20
tdq,vdl,Undirected,20,20
lkv,txf,Undirected,20,20
mfv,cbt,Undirected,20,20
zpd,fnx,Undirected,20,20
rpx,qbt,Undirected,20,20
vqk,crq,Undirected,20,20
pkr,nxd,Undirected,20,20
qbq,pbn,Undirected,20,20
bql,gng,Undirected,20,20
cns,ztt,Undirected,20,20
lpp,gmt,Undirected,20,20
zst,bsx,Undirected,20,20
shr,rxk,Undirected,20,20
jsx,xqs,Undirected,20,20
mjn,lmv,Undirected,20,20
hlt,hjp,Undirected,20,20
fhq,bzf,Undirected,20,20
chq,pqn,Undirected,20,20
kml,qxc,Undirected,20,20
kjt,nxs,Undirected,20,20
zcb,thx,Undirected,20,20
srt,zxz,Undirected,20,20
nmd,hrp,Undirected,20,20
tbj,kdh,Undirected,20,20
vbb,sdz,Undirected,20,20
fbc,ndr,Undirected,20,20
dhh,mgl,Undirected,20,20
nph,nbc,Undirected,20,20
xpf,bfj,Undirected,20,20
vls,dfr,Undirected,20,20
gfb,rtc,Undirected,20,20
znj,xxf,Undirected,20,20
skf,jxr,Undirected,20,20
xsf,tbx,Undirected,20,20
jbf,lrs,Undirected,20,20
nrm,cqj,Undirected,20,20
htc,ntt,Undirected,20,20
rqp,vpb,Undirected,20,20
skb,brc,Undirected,20,20
mmx,zjp,Undirected,20,20
hxq,rqp,Undirected,20,20
hfr,tqm,Undirected,20,20
grd,tqr,Undirected,20,20
sxq,rdd,Undirected,20,20
tlz,ssc,Undirected,20,20
qbm,ttn,Undirected,20,20
tqh,rfg,Undirected,20,20
ttv,nnm,Undirected,20,20
pdh,tbx,Undirected,20,20
xfm,dqn,Undirected,20,20
vgd,vsq,Undirected,20,20
qgn,pbx,Undirected,20,20
vvj,bjr,Undirected,20,20
spt,knd,Undirected,20,20
lfd,zhk,Undirected,20,20
hfk,nnn,Undirected,20,20
pcr,sxq,Undirected,20,20
zbr,kml,Undirected,20,20
plt,qjx,Undirected,20,20
xrr,vxz,Undirected,20,20
spl,vtr,Undirected,20,20
qgj,knv,Undirected,20,20
cfg,hlz,Undirected,20,20
bjf,dsp,Undirected,20,20
vdk,ghl,Undirected,20,20
xcp,zxx,Undirected,20,20
sqs,fkd,Undirected,20,20
qcx,tbp,Undirected,20,20
tgt,nrl,Undirected,20,20
hdc,fnq,Undirected,20,20
hjz,lqm,Undirected,20,20
jnf,qff,Undirected,20,20
phc,kfz,Undirected,20,20
kpn,mbj,Undirected,20,20
zjx,vpb,Undirected,20,20
rkq,jlj,Undirected,20,20
nvb,pxn,Undirected,20,20
ckt,cbr,Undirected,20,20
jpp,txf,Undirected,20,20
pzc,hqg,Undirected,20,20
lrs,jlr,Undirected,20,20
hqg,zhk,Undirected,20,20
lnb,pzb,Undirected,20,20
rxz,zbv,Undirected,20,20
szj,bkq,Undirected,20,20
mfr,tgt,Undirected,20,20
xlk,lkg,Undirected,20,20
mnx,rhf,Undirected,20,20
vqt,nht,Undirected,20,20
pbq,tht,Undirected,20,20
ksz,slj,Undirected,20,20
qpp,mqx,Undirected,20,20
jdh,xzr,Undirected,20,20
fmt,fkq,Undirected,20,20
dnx,spq,Undirected,20,20
xxm,nnn,Undirected,20,20
dnj,skf,Undirected,20,20
jhf,tjg,Undirected,20,20
crq,dnx,Undirected,20,20
pqx,svh,Undirected,20,20
hsc,pcm,Undirected,20,20
lqb,jlj,Undirected,20,20
czv,gpn,Undirected,20,20
rqp,ldq,Undirected,20,20
rnh,jhf,Undirected,20,20
kpn,tln,Undirected,20,20
jtf,vrd,Undirected,20,20
mdg,vhv,Undirected,20,20
nnv,fbp,Undirected,20,20
jzk,qgp,Undirected,20,20
rgz,qvq,Undirected,20,20
pnl,tnd,Undirected,20,20
jpn,rzp,Undirected,20,20
zjr,tjs,Undirected,20,20
qdh,sxv,Undirected,20,20
hjh,pqj,Undirected,20,20
jdz,ndb,Undirected,20,20
jxj,jds,Undirected,20,20
xjr,lkz,Undirected,20,20
plt,jkc,Undirected,20,20
kcv,mzf,Undirected,20,20
gzh,qmr,Undirected,20,20
xxz,hcn,Undirected,20,20
xpm,hrv,Undirected,20,20
lln,phc,Undirected,20,20
gvr,jrl,Undirected,20,20
hfx,jlp,Undirected,20,20
lbt,gnq,Undirected,20,20
vff,krq,Undirected,20,20
kqt,szt,Undirected,20,20
lmf,stt,Undirected,20,20
sjq,qqh,Undirected,20,20
ggr,jrm,Undirected,20,20
dnx,gsl,Undirected,20,20
jpp,thh,Undirected,20,20
sgs,cqn,Undirected,20,20
rnd,tdv,Undirected,20,20
tzp,nrm,Undirected,20,20
zzd,fgl,Undirected,20,20
lqr,xhg,Undirected,20,20
zjx,ldq,Undirected,20,20
xsv,pnr,Undirected,20,20
jqk,qfj,Undirected,20,20
qfd,lmv,Undirected,20,20
zrf,qlh,Undirected,20,20
cmn,dnf,Undirected,20,20
hrm,zmx,Undirected,20,20
zdx,mpb,Undirected,20,20
xnz,rsg,Undirected,20,20
mth,zlm,Undirected,20,20
nfh,vgg,Undirected,20,20
sqf,zxz,Undirected,20,20
jgm,phg,Undirected,20,20
qmp,dhl,Undirected,20,20
xqp,cvl,Undirected,20,20
hsf,crd,Undirected,20,20
rxj,pdm,Undirected,20,20
dhh,ttt,Undirected,20,20
mph,bmr,Undirected,20,20
rfn,zqh,Undirected,20,20
zpm,ggr,Undirected,20,20
pfz,dfc,Undirected,20,20
grx,jsr,Undirected,20,20
ppn,phc,Undirected,20,20
zpd,ccb,Undirected,20,20
flv,rrb,Undirected,20,20
czr,dps,Undirected,20,20
lrx,lpk,Undirected,20,20
pld,mvs,Undirected,20,20
xcp,lrf,Undirected,20,20
szj,xbm,Undirected,20,20
dgn,cfc,Undirected,20,20
pqx,dpn,Undirected,20,20
nfh,vkf,Undirected,20,20
llz,slt,Undirected,20,20
knr,xlg,Undirected,20,20
tgc,zpl,Undirected,20,20
qtg,fkd,Undirected,20,20
bdj,qgm,Undirected,20,20
mnp,blg,Undirected,20,20
mnt,mjd,Undirected,20,20
dbn,rpl,Undirected,20,20
gzp,fqn,Undirected,20,20
szh,xgx,Undirected,20,20
nvd,ssj,Undirected,20,20
nrn,bfj,Undirected,20,20
psx,jbt,Undirected,20,20
dpz,hlz,Undirected,20,20
hxn,psk,Undirected,20,20
xcf,sgc,Undirected,20,20
sqh,rzp,Undirected,20,20
mqx,nbh,Undirected,20,20
ckm,tcq,Undirected,20,20
msr,khz,Undirected,20,20
jjr,jmc,Undirected,20,20
zng,tfv,Undirected,20,20
jkf,zth,Undirected,20,20
ldl,grp,Undirected,20,20
cqz,vpf,Undirected,20,20
dxg,xlr,Undirected,20,20
zdm,spv,Undirected,20,20
ngn,fkq,Undirected,20,20
mmk,xpn,Undirected,20,20
hbq,gpn,Undirected,20,20
mxl,nqt,Undirected,20,20
fxm,tbh,Undirected,20,20
bsb,crf,Undirected,20,20
bbq,tlf,Undirected,20,20
jdf,jxv,Undirected,20,20
jdf,jkb,Undirected,20,20
vrd,fqs,Undirected,20,20
hcm,hkr,Undirected,20,20
lln,zdt,Undirected,20,20
rhn,srh,Undirected,20,20
xld,kks,Undirected,20,20
jql,qjj,Undirected,20,20
zlq,zhp,Undirected,20,20
nfd,tht,Undirected,20,20
zxp,cgd,Undirected,20,20
tbh,dkl,Undirected,20,20
nfm,rvc,Undirected,20,20
gmk,xmj,Undirected,20,20
bfh,lgg,Undirected,20,20
fdx,zxg,Undirected,20,20
mkh,pkj,Undirected,20,20
zqq,dxl,Undirected,20,20
ljb,gjx,Undirected,20,20
ngp,bmd,Undirected,20,20
qxz,vfd,Undirected,20,20
nrh,jsr,Undirected,20,20
gvg,npj,Undirected,20,20
czv,zqq,Undirected,20,20
zfj,kpc,Undirected,20,20
szt,rtc,Undirected,20,20
brg,lbg,Undirected,20,20
kqm,lld,Undirected,20,20
hbl,qlx,Undirected,20,20
tdz,xdm,Undirected,20,20
rmr,qfj,Undirected,20,20
tdq,tmb,Undirected,20,20
mqs,pkp,Undirected,20,20
tlt,vxm,Undirected,20,20
fdg,prh,Undirected,20,20
vpq,dtc,Undirected,20,20
pmh,tkx,Undirected,20,20
dhh,jmb,Undirected,20,20
zbr,fcm,Undirected,20,20
jmb,lgt,Undirected,20,20
fbp,qjj,Undirected,20,20
vkz,jlr,Undirected,20,20
zqr,mns,Undirected,20,20
jpz,fcm,Undirected,20,20
ptp,nbb,Undirected,20,20
ssm,tkh,Undirected,20,20
mmx,mzf,Undirected,20,20
tbj,jzk,Undirected,20,20
pfz,srr,Undirected,20,20
lqq,gcb,Undirected,20,20
fdg,ghl,Undirected,20,20
mqt,tdz,Undirected,20,20
ksz,fdt,Undirected,20,20
zqq,phd,Undirected,20,20
fpg,lrs,Undirected,20,20
sgh,zhl,Undirected,20,20
jds,khc,Undirected,20,20
tbj,qxx,Undirected,20,20
fqr,dkx,Undirected,20,20
rpm,kmz,Undirected,20,20
xhm,lbg,Undirected,20,20
vkr,xzj,Undirected,20,20
kgz,sjk,Undirected,20,20
flh,sxn,Undirected,20,20
bzf,hrv,Undirected,20,20
rxj,vkz,Undirected,20,20
tzp,zkq,Undirected,20,20
lts,qxm,Undirected,20,20
mkl,tqr,Undirected,20,20
bqt,vrg,Undirected,20,20
ljk,jlk,Undirected,20,20
rqr,prv,Undirected,20,20
rkh,jjp,Undirected,20,20
mcq,vrk,Undirected,20,20
crq,qzc,Undirected,20,20
gzl,fsg,Undirected,20,20
gsv,lbg,Undirected,20,20
lnp,mpf,Undirected,20,20
ddf,fbk,Undirected,20,20
hdq,zdb,Undirected,20,20
dxg,fxp,Undirected,20,20
tpf,khn,Undirected,20,20
cjz,gns,Undirected,20,20
zxs,bqh,Undirected,20,20
krc,rhc,Undirected,20,20
jrc,zqr,Undirected,20,20
lhr,gpq,Undirected,20,20
mzj,kkb,Undirected,20,20
kfm,qgc,Undirected,20,20
pmh,nph,Undirected,20,20
bjf,lkr,Undirected,20,20
krc,ttt,Undirected,20,20
rlf,lfj,Undirected,20,20
sxv,hhq,Undirected,20,20
pkc,bhj,Undirected,20,20
cln,mfr,Undirected,20,20
qqr,kzm,Undirected,20,20
vdn,ctd,Undirected,20,20
fmt,nbh,Undirected,20,20
gcj,dgn,Undirected,20,20
qrr,pgc,Undirected,20,20
qtg,pqx,Undirected,20,20
kff,hsz,Undirected,20,20
mfr,bdl,Undirected,20,20
hrm,dnx,Undirected,20,20
vtg,xxc,Undirected,20,20
pbn,gxd,Undirected,20,20
mqs,jjp,Undirected,20,20
skt,jjg,Undirected,20,20
hnf,zcb,Undirected,20,20
bbh,qkt,Undirected,20,20
xlk,cjm,Undirected,20,20
mqh,vkb,Undirected,20,20
pfb,dbx,Undirected,20,20
vvf,kqr,Undirected,20,20
tfr,qls,Undirected,20,20
vtg,xzj,Undirected,20,20
mdj,tzm,Undirected,20,20
ltv,bzn,Undirected,20,20
mvs,vhd,Undirected,20,20
lnh,xqp,Undirected,20,20
dsm,hvx,Undirected,20,20
czl,xrr,Undirected,20,20
xsv,sld,Undirected,20,20
vlb,zjx,Undirected,20,20
fhk,zvz,Undirected,20,20
tbk,nqt,Undirected,20,20
zgd,hmz,Undirected,20,20
rkb,jnn,Undirected,20,20
cxf,zdg,Undirected,20,20
mkq,zxg,Undirected,20,20
gnr,rbd,Undirected,20,20
jck,gcv,Undirected,20,20
sjk,tjg,Undirected,20,20
ltm,xlr,Undirected,20,20
kmn,mrr,Undirected,20,20
zng,fqf,Undirected,20,20
brg,nnc,Undirected,20,20
cck,ghz,Undirected,20,20
ccl,hrp,Undirected,20,20
zxs,hhj,Undirected,20,20
nqz,ljk,Undirected,20,20
qgp,rkq,Undirected,20,20
vxz,tdm,Undirected,20,20
nvd,glz,Undirected,20,20
spv,jvc,Undirected,20,20
vhv,vlq,Undirected,20,20
ndh,tcq,Undirected,20,20
mlc,ljz,Undirected,20,20
bdf,gns,Undirected,20,20
tcg,pzv,Undirected,20,20
nkt,njv,Undirected,20,20
bmb,fzc,Undirected,20,20
qgj,hbs,Undirected,20,20
qlt,jmb,Undirected,20,20
bpt,tdr,Undirected,20,20
xpl,jgp,Undirected,20,20
qfx,ccd,Undirected,20,20
zzg,gzv,Undirected,20,20
vsq,ssr,Undirected,20,20
fnk,zmx,Undirected,20,20
fhn,tkq,Undirected,20,20
nlp,cdk,Undirected,20,20
qvb,kpn,Undirected,20,20
lkr,jkf,Undirected,20,20
gsr,ksx,Undirected,20,20
chr,bkq,Undirected,20,20
jtm,ttb,Undirected,20,20
jhq,zmd,Undirected,20,20
zxc,szh,Undirected,20,20
dpn,jhd,Undirected,20,20
cqx,jrm,Undirected,20,20
lcr,vpq,Undirected,20,20
xdh,dpd,Undirected,20,20
fnk,dbx,Undirected,20,20
pxb,crd,Undirected,20,20
gbd,csz,Undirected,20,20
xmp,mlm,Undirected,20,20
gqr,lbq,Undirected,20,20
bvx,zzd,Undirected,20,20
dgm,vgg,Undirected,20,20
bjf,cfg,Undirected,20,20
mfk,mqk,Undirected,20,20
tkh,prz,Undirected,20,20
zpl,snd,Undirected,20,20
fbq,fvp,Undirected,20,20
srt,lhs,Undirected,20,20
gbx,ftc,Undirected,20,20
kbk,fxd,Undirected,20,20
jvd,rxk,Undirected,20,20
qvb,xzp,Undirected,20,20
sxp,skb,Undirected,20,20
hqn,qmp,Undirected,20,20
rqg,jrr,Undirected,20,20
lhs,jjp,Undirected,20,20
scc,jvk,Undirected,20,20
mfx,tps,Undirected,20,20
jkg,gng,Undirected,20,20
ddf,pkq,Undirected,20,20
tln,glp,Undirected,20,20
cjq,bsq,Undirected,20,20
xcg,kbz,Undirected,20,20
fdk,slt,Undirected,20,20
snz,jjq,Undirected,20,20
fbt,zss,Undirected,20,20
jvf,hdv,Undirected,20,20
qdh,kjl,Undirected,20,20
ntg,qjh,Undirected,20,20
vnf,ssj,Undirected,20,20
ssn,jbf,Undirected,20,20
jhz,tht,Undirected,20,20
dhk,jdn,Undirected,20,20
frn,zxf,Undirected,20,20
mpk,xjg,Undirected,20,20
zhp,zrf,Undirected,20,20
rqr,vpf,Undirected,20,20
jhq,sqp,Undirected,20,20
cfg,kmz,Undirected,20,20
blj,fkj,Undirected,20,20
tpf,kbv,Undirected,20,20
mcv,jfg,Undirected,20,20
mkl,jkb,Undirected,20,20
bcm,ttm,Undirected,20,20
rpl,qcx,Undirected,20,20
hfx,gmd,Undirected,20,20
thv,pjr,Undirected,20,20
gkv,ggr,Undirected,20,20
tbx,sjz,Undirected,20,20
mlz,qrv,Undirected,20,20
lrf,btn,Undirected,20,20
vtg,sgz,Undirected,20,20
rrs,xrb,Undirected,20,20
vpn,lxr,Undirected,20,20
jbl,mpz,Undirected,20,20
dvk,fzf,Undirected,20,20
xrs,hdl,Undirected,20,20
chq,sht,Undirected,20,20
cmf,xzh,Undirected,20,20
qrp,dlz,Undirected,20,20
dgx,nnn,Undirected,20,20
xpf,mnp,Undirected,20,20
ljm,hcr,Undirected,20,20
lkv,vpb,Undirected,20,20
cqd,vrg,Undirected,20,20
jtf,bzf,Undirected,20,20
bqf,fpc,Undirected,20,20
hpp,ttk,Undirected,20,20
ttl,dnl,Undirected,20,20
qpx,hrh,Undirected,20,20
krt,jhf,Undirected,20,20
bkv,nqc,Undirected,20,20
nnr,tsj,Undirected,20,20
cvt,rvl,Undirected,20,20
dnf,vrg,Undirected,20,20
lcr,spq,Undirected,20,20
ljn,lqb,Undirected,20,20
nlr,sfj,Undirected,20,20
fdc,jxs,Undirected,20,20
vbb,pzc,Undirected,20,20
rxp,tcx,Undirected,20,20
xdh,trc,Undirected,20,20
tcn,bmr,Undirected,20,20
vtc,lqq,Undirected,20,20
bln,zmx,Undirected,20,20
vdk,ftr,Undirected,20,20
lvp,mmp,Undirected,20,20
qfq,mqf,Undirected,20,20
pkz,pmz,Undirected,20,20
msr,tsj,Undirected,20,20
ncf,szj,Undirected,20,20
zdm,fmf,Undirected,20,20
fxj,gmd,Undirected,20,20
fnm,ksm,Undirected,20,20
kqm,tdz,Undirected,20,20
slm,jsr,Undirected,20,20
gnr,khn,Undirected,20,20
kjt,ztt,Undirected,20,20
bkj,sqp,Undirected,20,20
bvm,lmv,Undirected,20,20
cpg,vkz,Undirected,20,20
pld,mqh,Undirected,20,20
jqf,ksj,Undirected,20,20
lsz,tcg,Undirected,20,20
mdj,zml,Undirected,20,20
vqg,vjz,Undirected,20,20
bvp,rqq,Undirected,20,20
vft,tfb,Undirected,20,20
ngb,xct,Undirected,20,20
zkr,mxl,Undirected,20,20
lts,spv,Undirected,20,20
rxh,mgl,Undirected,20,20
jpp,xrb,Undirected,20,20
fkd,fbr,Undirected,20,20
nsf,snf,Undirected,20,20
vkg,tfv,Undirected,20,20
pzm,nbc,Undirected,20,20
xlc,jdn,Undirected,20,20
dkg,ndb,Undirected,20,20
rhj,fmq,Undirected,20,20
qfd,hjh,Undirected,20,20
sqz,nnc,Undirected,20,20
pqg,smd,Undirected,20,20
zrr,sqz,Undirected,20,20
ftr,vqg,Undirected,20,20
tdv,lpl,Undirected,20,20
jdx,xsx,Undirected,20,20
svp,slv,Undirected,20,20
pkj,sqh,Undirected,20,20
nfm,snd,Undirected,20,20
mfd,gzz,Undirected,20,20
cqz,gtd,Undirected,20,20
jqb,nbc,Undirected,20,20
jtf,czl,Undirected,20,20
plj,lsv,Undirected,20,20
bmd,bsj,Undirected,20,20
bbh,njv,Undirected,20,20
skv,chq,Undirected,20,20
txd,xhg,Undirected,20,20
vqk,zfb,Undirected,20,20
xzr,znj,Undirected,20,20
phl,nbq,Undirected,20,20
xvb,dkg,Undirected,20,20
vfd,fgb,Undirected,20,20
ccl,nrc,Undirected,20,20
kjt,jqk,Undirected,20,20
kdh,mjn,Undirected,20,20
lrc,rzb,Undirected,20,20
kqt,pnt,Undirected,20,20
kxh,bns,Undirected,20,20
pld,kvr,Undirected,20,20
vkg,mnc,Undirected,20,20
zvz,tbc,Undirected,20,20
tln,dps,Undirected,20,20
rnd,btq,Undirected,20,20
tlf,jzg,Undirected,20,20
jbl,qbq,Undirected,20,20
krt,bbh,Undirected,20,20
stj,trk,Undirected,20,20
qgb,pvq,Undirected,20,20
bvx,zbr,Undirected,20,20
mdb,ghc,Undirected,20,20
pqn,tll,Undirected,20,20
rrf,mnt,Undirected,20,20
nnt,tnp,Undirected,20,20
vzm,vkv,Undirected,20,20
nbc,ldq,Undirected,20,20
mqh,nrh,Undirected,20,20
rqm,plt,Undirected,20,20
jdj,ddv,Undirected,20,20
gzp,kmn,Undirected,20,20
xgl,nkl,Undirected,20,20
jpq,fcm,Undirected,20,20
kht,jck,Undirected,20,20
xxm,vkv,Undirected,20,20
vjs,kpc,Undirected,20,20
pll,tcx,Undirected,20,20
lvp,hlz,Undirected,20,20
vdk,gfb,Undirected,20,20
rqq,dpg,Undirected,20,20
gcv,sdk,Undirected,20,20
jtm,jdx,Undirected,20,20
xxs,rsr,Undirected,20,20
sgz,rxp,Undirected,20,20
ctq,zcb,Undirected,20,20
mpt,jzg,Undirected,20,20
qfm,brm,Undirected,20,20
gxp,mkj,Undirected,20,20
zdx,jkb,Undirected,20,20
bcp,grd,Undirected,20,20
cpn,bdl,Undirected,20,20
jqb,jvb,Undirected,20,20
scc,jhf,Undirected,20,20
kfm,tzp,Undirected,20,20
grk,mrh,Undirected,20,20
lqm,zhk,Undirected,20,20
tpf,qvb,Undirected,20,20
rqg,hcm,Undirected,20,20
ndf,bzr,Undirected,20,20
fqs,jhg,Undirected,20,20
vpf,ncz,Undirected,20,20
rnr,svh,Undirected,20,20
skh,cxn,Undirected,20,20
vtz,prp,Undirected,20,20
tcq,nvk,Undirected,20,20
xmj,qzz,Undirected,20,20
xrs,xjr,Undirected,20,20
hvx,vqm,Undirected,20,20
sbl,bfx,Undirected,20,20
scc,nbd,Undirected,20,20
blh,hrz,Undirected,20,20
dbj,mgl,Undirected,20,20
xct,mkj,Undirected,20,20
jhq,xsx,Undirected,20,20
vcd,zxs,Undirected,20,20
rbp,czc,Undirected,20,20
ttl,mzh,Undirected,20,20
pnz,jlk,Undirected,20,20
vvx,ndh,Undirected,20,20
zvz,gjb,Undirected,20,20
xnz,fdl,Undirected,20,20
nlr,cmf,Undirected,20,20
nrl,jsg,Undirected,20,20
zzx,xhh,Undirected,20,20
rtb,vqv,Undirected,20,20
qfm,brc,Undirected,20,20
txd,hpp,Undirected,20,20
ghc,lxr,Undirected,20,20
bkf,mcz,Undirected,20,20
jjr,tjg,Undirected,20,20
scc,hgb,Undirected,20,20
zjx,zss,Undirected,20,20
kkj,hdc,Undirected,20,20
jnf,nsv,Undirected,20,20
hfx,crd,Undirected,20,20
dhq,mbj,Undirected,20,20
xhg,hcr,Undirected,20,20
brf,mbk,Undirected,20,20
gzr,mrx,Undirected,20,20
qbt,zfn,Undirected,20,20
pcl,ghm,Undirected,20,20
xvb,jvb,Undirected,20,20
jrc,ssl,Undirected,20,20
tlf,bdf,Undirected,20,20
pmv,fnp,Undirected,20,20
xqk,bzq,Undirected,20,20
brg,rdd,Undirected,20,20
dlt,hjv,Undirected,20,20
hfk,htc,Undirected,20,20
ddn,shl,Undirected,20,20
nxq,nbt,Undirected,20,20
ssn,fln,Undirected,20,20
hqg,bdf,Undirected,20,20
flv,kqr,Undirected,20,20
gns,gpq,Undirected,20,20
ctf,xdm,Undirected,20,20
mnt,lcg,Undirected,20,20
sdb,tbj,Undirected,20,20
jdx,clj,Undirected,20,20
pds,dgb,Undirected,20,20
bgq,qxc,Undirected,20,20
sbr,fdh,Undirected,20,20
mcb,btn,Undirected,20,20
zzd,gfb,Undirected,20,20
tct,mrr,Undirected,20,20
ghz,fpk,Undirected,20,20
gfb,fsg,Undirected,20,20
hpq,jkb,Undirected,20,20
bsq,fqk,Undirected,20,20
hnq,hqr,Undirected,20,20
sdb,rmx,Undirected,20,20
nzx,vsq,Undirected,20,20
nlq,dps,Undirected,20,20
jpj,bzl,Undirected,20,20
qzm,cqj,Undirected,20,20
qrt,lcr,Undirected,20,20
lpp,vxc,Undirected,20,20
mcn,dhl,Undirected,20,20
rzb,ffp,Undirected,20,20
tkx,gnp,Undirected,20,20
qxt,spd,Undirected,20,20
ljb,mjz,Undirected,20,20
zsk,mpf,Undirected,20,20
qmr,hjd,Undirected,20,20
tnp,sfv,Undirected,20,20
pnl,nxb,Undirected,20,20
cvc,spq,Undirected,20,20
vhv,fxp,Undirected,20,20
mmk,srl,Undirected,20,20
dkx,nvr,Undirected,20,20
gmk,khz,Undirected,20,20
xpl,zlk,Undirected,20,20
ddf,ddl,Undirected,20,20
xcf,fkq,Undirected,20,20
tqp,lnl,Undirected,20,20
smc,gqf,Undirected,20,20
frd,nmm,Undirected,20,20
mbm,xjn,Undirected,20,20
nks,qsf,Undirected,20,20
dpg,ddn,Undirected,20,20
hsc,jhz,Undirected,20,20
hnp,ptl,Undirected,20,20
ttv,xfm,Undirected,20,20
gsr,bcp,Undirected,20,20
lxv,rrf,Undirected,20,20
ffp,hvx,Undirected,20,20
lmb,rrb,Undirected,20,20
qrt,dbn,Undirected,20,20
jnd,pmh,Undirected,20,20
vbv,zkg,Undirected,20,20
vns,rgf,Undirected,20,20
fsd,bsj,Undirected,20,20
fdf,rdd,Undirected,20,20
zxz,skb,Undirected,20,20
dmx,nfj,Undirected,20,20
qxz,kbq,Undirected,20,20
fvl,xjn,Undirected,20,20
xzp,qcp,Undirected,20,20
xtb,hnf,Undirected,20,20
mjd,fkv,Undirected,20,20
qls,nrc,Undirected,20,20
fqr,mdb,Undirected,20,20
qfq,jjf,Undirected,20,20
hsr,btn,Undirected,20,20
nsc,tvt,Undirected,20,20
cvl,sdk,Undirected,20,20
ttm,bpf,Undirected,20,20
lrf,vvx,Undirected,20,20
ksm,ljg,Undirected,20,20
kcc,prk,Undirected,20,20
vcg,pvq,Undirected,20,20
tlj,zpr,Undirected,20,20
xfh,ztt,Undirected,20,20
tvt,xth,Undirected,20,20
hdq,rxp,Undirected,20,20
cdl,tjs,Undirected,20,20
vkl,xnl,Undirected,20,20
mbj,jhd,Undirected,20,20
dzt,kqb,Undirected,20,20
ddd,vtm,Undirected,20,20
hrn,sjz,Undirected,20,20
rkd,bjr,Undirected,20,20
fqn,phd,Undirected,20,20
lnx,xxc,Undirected,20,20
vdl,mnx,Undirected,20,20
kqr,fzz,Undirected,20,20
nfd,jhj,Undirected,20,20
djc,sdk,Undirected,20,20
chc,qqh,Undirected,20,20
fbc,ktf,Undirected,20,20
vdn,zlk,Undirected,20,20
pgt,rxx,Undirected,20,20
drz,dtc,Undirected,20,20
czr,gff,Undirected,20,20
kqb,svp,Undirected,20,20
tds,tbp,Undirected,20,20
gcj,hbk,Undirected,20,20
bdf,xth,Undirected,20,20
jkg,vbm,Undirected,20,20
xjr,tqh,Undirected,20,20
btq,jzk,Undirected,20,20
czz,mfd,Undirected,20,20
pkz,gsv,Undirected,20,20
gsv,tnd,Undirected,20,20
cds,sgf,Undirected,20,20
jvb,vtr,Undirected,20,20
mjn,bgl,Undirected,20,20
cmn,bzn,Undirected,20,20
tds,dpn,Undirected,20,20
lmz,mqz,Undirected,20,20
fmf,hqr,Undirected,20,20
dlk,xld,Undirected,20,20
czz,vjm,Undirected,20,20
psk,hrh,Undirected,20,20
vxp,smc,Undirected,20,20
csj,lbz,Undirected,20,20
tbh,flh,Undirected,20,20
fkp,nzx,Undirected,20,20
nsx,gmd,Undirected,20,20
lgg,dfc,Undirected,20,20
dfr,mqx,Undirected,20,20
krc,lrp,Undirected,20,20
gcv,ncz,Undirected,20,20
cjz,lvp,Undirected,20,20
ttv,fhn,Undirected,20,20
fdx,hcr,Undirected,20,20
grd,qgm,Undirected,20,20
lkr,pzk,Undirected,20,20
bcp,bsq,Undirected,20,20
bzk,mvf,Undirected,20,20
rbc,pdm,Undirected,20,20
xnx,mjn,Undirected,20,20
cdj,dkm,Undirected,20,20
dpj,cqn,Undirected,20,20
qrp,sdk,Undirected,20,20
cvh,cld,Undirected,20,20
mfv,vtc,Undirected,20,20
rqx,phg,Undirected,20,20
mkl,ffd,Undirected,20,20
trz,vgh,Undirected,20,20
xpn,tkx,Undirected,20,20
vjm,jkg,Undirected,20,20
fps,vzn,Undirected,20,20
rzq,bft,Undirected,20,20
fdt,sfr,Undirected,20,20
msr,tjg,Undirected,20,20
spm,cdk,Undirected,20,20
srr,kld,Undirected,20,20
llf,qrq,Undirected,20,20
psc,cxd,Undirected,20,20
kbl,zqm,Undirected,20,20
stt,mtp,Undirected,20,20
ggc,qnm,Undirected,20,20
xqk,hjv,Undirected,20,20
nvp,kfl,Undirected,20,20
qvq,khn,Undirected,20,20
tdv,dbb,Undirected,20,20
jfg,kbs,Undirected,20,20
xtk,mcg,Undirected,20,20
jkf,qnm,Undirected,20,20
knh,lzb,Undirected,20,20
jgp,lgc,Undirected,20,20
rhj,xgr,Undirected,20,20
tkz,msc,Undirected,20,20
flg,fnm,Undirected,20,20
rxj,qnj,Undirected,20,20
mkj,vtm,Undirected,20,20
pnt,fgh,Undirected,20,20
vxz,qqb,Undirected,20,20
clj,pgp,Undirected,20,20
cfc,qlh,Undirected,20,20
knd,lxx,Undirected,20,20
rqx,xlc,Undirected,20,20
lhr,xct,Undirected,20,20
jnf,lmz,Undirected,20,20
ztd,hfg,Undirected,20,20
rxs,xmb,Undirected,20,20
cns,xhh,Undirected,20,20
vpq,ssc,Undirected,20,20
cxl,crf,Undirected,20,20
rfx,mrz,Undirected,20,20
gvg,gdg,Undirected,20,20
ljn,zlq,Undirected,20,20
znx,prv,Undirected,20,20
zlq,mxl,Undirected,20,20
bxp,zvd,Undirected,20,20
dpj,fjm,Undirected,20,20
qdh,cnc,Undirected,20,20
xgm,vcg,Undirected,20,20
tmq,rfg,Undirected,20,20
pmv,ppn,Undirected,20,20
tqp,svf,Undirected,20,20
crx,nsx,Undirected,20,20
pcr,xjj,Undirected,20,20
ccp,dfc,Undirected,20,20
dpz,sfj,Undirected,20,20
srp,zbp,Undirected,20,20
vvf,fvz,Undirected,20,20
pxs,zdm,Undirected,20,20
fhk,fkq,Undirected,20,20
lks,gjp,Undirected,20,20
fzf,bcj,Undirected,20,20
grk,qmh,Undirected,20,20
bdf,cvl,Undirected,20,20
xqp,zfq,Undirected,20,20
kbp,dlf,Undirected,20,20
vzr,rrs,Undirected,20,20
hdc,jpj,Undirected,20,20
hpq,vkb,Undirected,20,20
ksx,cdv,Undirected,20,20
csj,jdz,Undirected,20,20
fdl,lrr,Undirected,20,20
xld,shl,Undirected,20,20
hsr,bfn,Undirected,20,20
nbb,tdr,Undirected,20,20
brm,gqc,Undirected,20,20
zrr,dlz,Undirected,20,20
xpz,dsm,Undirected,20,20
xxm,nks,Undirected,20,20
hnb,klm,Undirected,20,20
dpz,ndv,Undirected,20,20
vcd,tpp,Undirected,20,20
rqx,dbh,Undirected,20,20
bhj,smm,Undirected,20,20
qqp,ztm,Undirected,20,20
hcq,fbr,Undirected,20,20
qjx,qzc,Undirected,20,20
brx,tvq,Undirected,20,20
hpk,trk,Undirected,20,20
lbq,bql,Undirected,20,20
flg,kmx,Undirected,20,20
rxz,dkc,Undirected,20,20
xjj,jkh,Undirected,20,20
tmh,fpp,Undirected,20,20
xnx,prh,Undirected,20,20
lbt,cpb,Undirected,20,20
hcn,kbv,Undirected,20,20
btq,xqs,Undirected,20,20
hpq,jhf,Undirected,20,20
cjm,qpx,Undirected,20,20
hdg,cns,Undirected,20,20
blk,xzh,Undirected,20,20
xqp,zss,Undirected,20,20
zzx,qqr,Undirected,20,20
nmm,lsz,Undirected,20,20
mfx,vjd,Undirected,20,20
pbq,ctq,Undirected,20,20
cck,ggc,Undirected,20,20
qmp,crr,Undirected,20,20
bzk,zqr,Undirected,20,20
tdt,vdv,Undirected,20,20
zms,rhc,Undirected,20,20
dkt,lbg,Undirected,20,20
cqj,nsd,Undirected,20,20
qch,vrk,Undirected,20,20
blg,zvd,Undirected,20,20
mlx,vkr,Undirected,20,20
gzz,krz,Undirected,20,20
vkv,zkg,Undirected,20,20
ctq,xtp,Undirected,20,20
tnf,zsh,Undirected,20,20
dcj,brc,Undirected,20,20
fln,vvx,Undirected,20,20
lxl,dlk,Undirected,20,20
fhk,bdj,Undirected,20,20
ggm,nfd,Undirected,20,20
jrl,qsf,Undirected,20,20
ljd,svf,Undirected,20,20
pkz,dcs,Undirected,20,20
cbz,hmz,Undirected,20,20
bfn,qrv,Undirected,20,20
qxt,jpd,Undirected,20,20
mbk,ntt,Undirected,20,20
nkl,nrm,Undirected,20,20
lff,rvl,Undirected,20,20
tpp,mmq,Undirected,20,20
mqf,nss,Undirected,20,20
vls,gnr,Undirected,20,20
tps,vkb,Undirected,20,20
bkv,nhs,Undirected,20,20
ftg,nvv,Undirected,20,20
fnj,xdm,Undirected,20,20
trg,tqr,Undirected,20,20
vnq,vnf,Undirected,20,20
pmv,clf,Undirected,20,20
jfk,vfd,Undirected,20,20
grx,qfx,Undirected,20,20
tpf,qqh,Undirected,20,20
bqs,qmp,Undirected,20,20
cpb,qlb,Undirected,20,20
kcp,smm,Undirected,20,20
bpg,cmf,Undirected,20,20
ttl,bqs,Undirected,20,20
tbc,fll,Undirected,20,20
tqh,frn,Undirected,20,20
ctv,mlx,Undirected,20,20
fzb,fbr,Undirected,20,20
nkh,brf,Undirected,20,20
ssq,sbl,Undirected,20,20
tlf,rjz,Undirected,20,20
ztd,jpd,Undirected,20,20
pnz,mbk,Undirected,20,20
lqb,lts,Undirected,20,20
pbq,dgp,Undirected,20,20
lgc,tmm,Undirected,20,20
dgp,brc,Undirected,20,20
nrr,zmq,Undirected,20,20
fpg,hdl,Undirected,20,20
kvx,shr,Undirected,20,20
cgz,lnx,Undirected,20,20
dzp,vtm,Undirected,20,20
nkl,lvv,Undirected,20,20
hqn,zdg,Undirected,20,20
jrc,nxb,Undirected,20,20
xnl,xtv,Undirected,20,20
pnl,qls,Undirected,20,20
nzl,rgr,Undirected,20,20
thv,hrn,Undirected,20,20
nxt,bdr,Undirected,20,20
chr,zjm,Undirected,20,20
mfv,dbl,Undirected,20,20
mdb,rxk,Undirected,20,20
dgb,cqn,Undirected,20,20
dkc,nfh,Undirected,20,20
kfl,xtv,Undirected,20,20
ttm,skt,Undirected,20,20
kmx,nsx,Undirected,20,20
fdf,rbc,Undirected,20,20
dhk,crf,Undirected,20,20
crq,dkl,Undirected,20,20
vjn,gtd,Undirected,20,20
bkf,rtc,Undirected,20,20
mqs,ktq,Undirected,20,20
zhp,qdf,Undirected,20,20
dpj,gsc,Undirected,20,20
jfk,cdk,Undirected,20,20
tsq,dnt,Undirected,20,20
rtc,bmf,Undirected,20,20
prk,rhc,Undirected,20,20
hjc,tll,Undirected,20,20
mfd,tqc,Undirected,20,20
xxz,kqm,Undirected,20,20
jdz,lqs,Undirected,20,20
vpz,xxc,Undirected,20,20
lsl,jvc,Undirected,20,20
dpj,rtb,Undirected,20,20
ggr,txf,Undirected,20,20
mfr,slj,Undirected,20,20
qch,sqh,Undirected,20,20
jdj,prc,Undirected,20,20
jfv,kbp,Undirected,20,20
fjs,cvm,Undirected,20,20
lnl,mqf,Undirected,20,20
hnp,fhn,Undirected,20,20
smc,ccb,Undirected,20,20
nzt,xjj,Undirected,20,20
bqs,tlt,Undirected,20,20
kcz,hcr,Undirected,20,20
tlj,dzv,Undirected,20,20
gnp,tmq,Undirected,20,20
xjn,fpp,Undirected,20,20
dnf,bll,Undirected,20,20
vzr,dcs,Undirected,20,20
skv,lmb,Undirected,20,20
mfq,flv,Undirected,20,20
bdj,dhf,Undirected,20,20
ccl,dgp,Undirected,20,20
pgt,rpx,Undirected,20,20
vqg,pqj,Undirected,20,20
fgb,htc,Undirected,20,20
jtl,lld,Undirected,20,20
ssf,vzn,Undirected,20,20
rnx,ndr,Undirected,20,20
kbl,sxq,Undirected,20,20
mpk,clt,Undirected,20,20
xlb,ffd,Undirected,20,20
ngp,khc,Undirected,20,20
vnr,mmp,Undirected,20,20
svf,nrl,Undirected,20,20
lmb,kbs,Undirected,20,20
xxm,dfc,Undirected,20,20
jxs,ddd,Undirected,20,20
jsd,qnj,Undirected,20,20
mcn,xqg,Undirected,20,20
rnr,zkg,Undirected,20,20
pvq,bfj,Undirected,20,20
grk,dxg,Undirected,20,20
xrr,phl,Undirected,20,20
ckx,bpg,Undirected,20,20
fjs,fkv,Undirected,20,20
hkd,nvp,Undirected,20,20
txh,gzf,Undirected,20,20
vtc,gsv,Undirected,20,20
lvg,ngp,Undirected,20,20
ttm,pgp,Undirected,20,20
drz,dhf,Undirected,20,20
ksm,dps,Undirected,20,20
ljz,tsz,Undirected,20,20
zsk,drr,Undirected,20,20
xpm,gsl,Undirected,20,20
qdj,cbp,Undirected,20,20
lpp,cpn,Undirected,20,20
gzv,xkh,Undirected,20,20
lmb,bzl,Undirected,20,20
vpt,ncm,Undirected,20,20
lvp,msc,Undirected,20,20
pmx,pkq,Undirected,20,20
jxj,rdq,Undirected,20,20
ftm,fmj,Undirected,20,20
lbt,lsl,Undirected,20,20
lqr,rxk,Undirected,20,20
xgl,jhq,Undirected,20,20
phk,lln,Undirected,20,20
dnl,gbx,Undirected,20,20
pvf,qks,Undirected,20,20
rdb,ljf,Undirected,20,20
bnj,kpc,Undirected,20,20
hqg,dlg,Undirected,20,20
zzd,qxm,Undirected,20,20
zpm,pzk,Undirected,20,20
rln,vqm,Undirected,20,20
xfv,zpr,Undirected,20,20
dnt,qsk,Undirected,20,20
vpp,qcp,Undirected,20,20
tdt,klm,Undirected,20,20
dlt,mzs,Undirected,20,20
nqz,kzg,Undirected,20,20
rdb,zqm,Undirected,20,20
ncp,kcz,Undirected,20,20
fdk,nhs,Undirected,20,20
pgh,nnx,Undirected,20,20
cjz,mpf,Undirected,20,20
kxh,dkm,Undirected,20,20
zdh,rzq,Undirected,20,20
qqp,vcd,Undirected,20,20
fkx,nxb,Undirected,20,20
vns,dhf,Undirected,20,20
rqg,qbc,Undirected,20,20
lqs,jbt,Undirected,20,20
fpj,cqx,Undirected,20,20
jpk,mzs,Undirected,20,20
fsp,sht,Undirected,20,20
hqr,pzv,Undirected,20,20
xnx,tbn,Undirected,20,20
rjn,kmz,Undirected,20,20
jhj,gng,Undirected,20,20
qkt,dzz,Undirected,20,20
kdv,rbk,Undirected,20,20
ssq,xth,Undirected,20,20
nlf,gpq,Undirected,20,20
qjh,bdr,Undirected,20,20
dnq,sfr,Undirected,20,20
ljt,bgj,Undirected,20,20
sxn,nrl,Undirected,20,20
nvv,zlm,Undirected,20,20
kjl,njf,Undirected,20,20
zgd,pzm,Undirected,20,20
hbq,tlj,Undirected,20,20
lgc,nnr,Undirected,20,20
lpl,rgr,Undirected,20,20
vhd,tjf,Undirected,20,20
drn,stt,Undirected,20,20
cqd,bfk,Undirected,20,20
czc,mpz,Undirected,20,20
cts,prv,Undirected,20,20
nkt,lgm,Undirected,20,20
rsr,zsk,Undirected,20,20
mpf,qpg,Undirected,20,20
jrr,kcg,Undirected,20,20
ndv,lgm,Undirected,20,20
dmx,fkx,Undirected,20,20
pbk,zmx,Undirected,20,20
hdg,gvv,Undirected,20,20
tzm,jrm,Undirected,20,20
xqs,sht,Undirected,20,20
fzc,pkz,Undirected,20,20
qsl,zrf,Undirected,20,20
sjc,sxn,Undirected,20,20
vkx,cdv,Undirected,20,20
tkr,dts,Undirected,20,20
kpn,lpp,Undirected,20,20
mfv,rlf,Undirected,20,20
gqt,zfn,Undirected,20,20
bhs,mns,Undirected,20,20
zzg,gbd,Undirected,20,20
lbb,clf,Undirected,20,20
bbq,dkm,Undirected,20,20
rnd,tfg,Undirected,20,20
tlt,ksd,Undirected,20,20
fhq,xtq,Undirected,20,20
vbk,qgm,Undirected,20,20
vft,lff,Undirected,20,20
tlk,xxs,Undirected,20,20
nth,khp,Undirected,20,20
pmh,nnc,Undirected,20,20
zdm,xzm,Undirected,20,20
zpl,lpz,Undirected,20,20
frh,nkh,Undirected,20,20
mfv,zcb,Undirected,20,20
qjr,vpf,Undirected,20,20
qqq,lks,Undirected,20,20
fvl,xtq,Undirected,20,20
nlr,cnj,Undirected,20,20
jtl,qgf,Undirected,20,20
jxj,ffv,Undirected,20,20
njv,smm,Undirected,20,20
jnd,knd,Undirected,20,20
tmf,nlp,Undirected,20,20
lrs,lnb,Undirected,20,20
gjb,pll,Undirected,20,20
fsp,xmb,Undirected,20,20
mvf,sjk,Undirected,20,20
dcj,gxp,Undirected,20,20
pmt,nrc,Undirected,20,20
mmv,bxp,Undirected,20,20
pkr,flv,Undirected,20,20
vqv,mqz,Undirected,20,20
rdr,rhn,Undirected,20,20
tsv,mlm,Undirected,20,20
pvf,zth,Undirected,20,20
dvk,tkr,Undirected,20,20
phk,vsq,Undirected,20,20
ksd,nmn,Undirected,20,20
bll,tkq,Undirected,20,20
nxd,hnp,Undirected,20,20
fgh,hfk,Undirected,20,20
pfd,pgp,Undirected,20,20
mqx,jkc,Undirected,20,20
bmb,jpk,Undirected,20,20
xvb,nsz,Undirected,20,20
dhl,czd,Undirected,20,20
fmv,fqk,Undirected,20,20
zzx,spd,Undirected,20,20
lnp,sgf,Undirected,20,20
lmb,slv,Undirected,20,20
jvb,vkf,Undirected,20,20
tdt,tpp,Undirected,20,20
bcj,tct,Undirected,20,20
vpq,hfr,Undirected,20,20
chc,slt,Undirected,20,20
plj,bpt,Undirected,20,20
nzg,xsl,Undirected,20,20
cqz,dlg,Undirected,20,20
zxp,tnj,Undirected,20,20
vpn,gtt,Undirected,20,20
svf,ghl,Undirected,20,20
ltx,sgg,Undirected,20,20
zxx,tlf,Undirected,20,20
mph,zkq,Undirected,20,20
blg,gbx,Undirected,20,20
tfb,gcz,Undirected,20,20
vjn,ddd,Undirected,20,20
gxd,dhk,Undirected,20,20
sbr,trz,Undirected,20,20
ckx,mdj,Undirected,20,20
nkt,ckt,Undirected,20,20
xqk,tnd,Undirected,20,20
vff,fmf,Undirected,20,20
vvj,tmm,Undirected,20,20
jhg,cjm,Undirected,20,20
tjf,dzz,Undirected,20,20
hcq,gjp,Undirected,20,20
xmn,txz,Undirected,20,20
jdf,jxr,Undirected,20,20
grl,pnz,Undirected,20,20
smd,glv,Undirected,20,20
gdr,gjx,Undirected,20,20
sgs,tmq,Undirected,20,20
mhg,tht,Undirected,20,20
hjd,lpk,Undirected,20,20
xqs,mnt,Undirected,20,20
cxl,gpl,Undirected,20,20
klm,glp,Undirected,20,20
fsg,qxm,Undirected,20,20
gsr,ltx,Undirected,20,20
plb,cbr,Undirected,20,20
hpq,jrd,Undirected,20,20
pmt,kcc,Undirected,20,20
qmh,pxb,Undirected,20,20
cxf,ggd,Undirected,20,20
fcm,hnb,Undirected,20,20
srh,gzr,Undirected,20,20
kcc,tcq,Undirected,20,20
xbm,ngb,Undirected,20,20
mmx,sqf,Undirected,20,20
lcj,vbk,Undirected,20,20
vhd,skt,Undirected,20,20
mkb,qxc,Undirected,20,20
rlf,mpt,Undirected,20,20
rhn,tnp,Undirected,20,20
lck,snf,Undirected,20,20
mxl,fdh,Undirected,20,20
tvt,cts,Undirected,20,20
nbt,fvp,Undirected,20,20
lmb,bqh,Undirected,20,20
xdj,hkr,Undirected,20,20
sqz,ccd,Undirected,20,20
shq,hgb,Undirected,20,20
fxp,fbp,Undirected,20,20
xrn,tsj,Undirected,20,20
qsl,fkd,Undirected,20,20
jdf,thx,Undirected,20,20
zbp,qgp,Undirected,20,20
bfn,ttn,Undirected,20,20
kht,mzq,Undirected,20,20
rrs,tfd,Undirected,20,20
hbk,xxc,Undirected,20,20
jqk,zvz,Undirected,20,20
smd,xrb,Undirected,20,20
mlz,blk,Undirected,20,20
hsr,rvf,Undirected,20,20
cgd,qls,Undirected,20,20
hbl,zfn,Undirected,20,20
cqd,bkf,Undirected,20,20
fdl,kbk,Undirected,20,20
cln,ktf,Undirected,20,20
pvf,qgc,Undirected,20,20
nnp,zxf,Undirected,20,20
gnf,tbn,Undirected,20,20
tfr,jkg,Undirected,20,20
gqt,szh,Undirected,20,20
kjt,bkv,Undirected,20,20
kvg,nbb,Undirected,20,20
hhq,tpt,Undirected,20,20
ggd,pqg,Undirected,20,20
nxq,zbx,Undirected,20,20
xtp,nvk,Undirected,20,20
sqf,jlr,Undirected,20,20
lrr,gxp,Undirected,20,20
lqs,qff,Undirected,20,20
dhq,kvx,Undirected,20,20
kfz,jkh,Undirected,20,20
jhq,zdt,Undirected,20,20
sbl,fzf,Undirected,20,20
dgx,ksk,Undirected,20,20
qrc,dkt,Undirected,20,20
dcs,gzb,Undirected,20,20
plh,hhj,Undirected,20,20
rtb,plb,Undirected,20,20
kgz,xct,Undirected,20,20
tlk,hrp,Undirected,20,20
vdv,svf,Undirected,20,20
bfh,czc,Undirected,20,20
tkq,gjp,Undirected,20,20
gzh,djc,Undirected,20,20
mdb,hcr,Undirected,20,20
zjp,bfz,Undirected,20,20
qnj,zth,Undirected,20,20
kfb,hcn,Undirected,20,20
trg,rdb,Undirected,20,20
hsc,trk,Undirected,20,20
cks,xbm,Undirected,20,20
qrt,skh,Undirected,20,20
xpm,jql,Undirected,20,20
kpc,shq,Undirected,20,20
cvh,jzr,Undirected,20,20
kzm,tbp,Undirected,20,20
cxn,slv,Undirected,20,20
zbc,lgg,Undirected,20,20
jlr,chr,Undirected,20,20
dlk,hsz,Undirected,20,20
mlx,vxz,Undirected,20,20
sdr,zlc,Undirected,20,20
nvr,qqb,Undirected,20,20
pld,jjq,Undirected,20,20
hgz,fjd,Undirected,20,20
qmr,jmb,Undirected,20,20
tsz,zlm,Undirected,20,20
fxp,rfx,Undirected,20,20
glm,lsv,Undirected,20,20
sgh,gzr,Undirected,20,20
fzc,rlh,Undirected,20,20
fvl,xtv,Undirected,20,20
gjb,slt,Undirected,20,20
qch,dzp,Undirected,20,20
gfb,ftm,Undirected,20,20
xqs,fmh,Undirected,20,20
pmx,tqc,Undirected,20,20
zgd,zjx,Undirected,20,20
cxf,btn,Undirected,20,20
zbc,cgz,Undirected,20,20
zmc,vgh,Undirected,20,20
xlk,cxl,Undirected,20,20
xss,czd,Undirected,20,20
djc,dkg,Undirected,20,20
bzn,vlq,Undirected,20,20
kjl,bzl,Undirected,20,20
hnp,fmq,Undirected,20,20
lff,prp,Undirected,20,20
lnl,mnc,Undirected,20,20
ffv,nnp,Undirected,20,20
xjr,fdl,Undirected,20,20
spt,gsc,Undirected,20,20
jxj,tcn,Undirected,20,20
mrh,sxz,Undirected,20,20
xjf,fbc,Undirected,20,20
pkj,ccd,Undirected,20,20
gqr,pxt,Undirected,20,20
lbb,xzh,Undirected,20,20
zrr,vzq,Undirected,20,20
ktq,clf,Undirected,20,20
zpm,xkh,Undirected,20,20
dxq,sxv,Undirected,20,20
skp,nlq,Undirected,20,20
mtg,vgg,Undirected,20,20
qcx,vdv,Undirected,20,20
qbt,dcl,Undirected,20,20
mqz,xqg,Undirected,20,20
srr,ldd,Undirected,20,20
jhd,fbr,Undirected,20,20
qkk,cbs,Undirected,20,20
vpt,fpc,Undirected,20,20
pmt,czd,Undirected,20,20
dnq,vbv,Undirected,20,20
kcv,mzt,Undirected,20,20
rsg,txz,Undirected,20,20
bzm,cks,Undirected,20,20
hjd,qpz,Undirected,20,20
brx,ljg,Undirected,20,20
tqh,sqp,Undirected,20,20
xlc,fmv,Undirected,20,20
mkh,qgn,Undirected,20,20
jpq,ntf,Undirected,20,20
gnf,vzn,Undirected,20,20
cds,jnd,Undirected,20,20
mzt,vbm,Undirected,20,20
vkg,bjk,Undirected,20,20
ghm,sdr,Undirected,20,20
dsp,ggd,Undirected,20,20
bjr,zbx,Undirected,20,20
xhm,zdc,Undirected,20,20
xrn,kbk,Undirected,20,20
zzh,dhp,Undirected,20,20
vcn,dzp,Undirected,20,20
zfq,tqr,Undirected,20,20
nxd,zkr,Undirected,20,20
fdf,kbz,Undirected,20,20
tvt,kfz,Undirected,20,20
frh,mrx,Undirected,20,20
tcn,khz,Undirected,20,20
bvx,sdf,Undirected,20,20
ngb,dnn,Undirected,20,20
tlz,kdx,Undirected,20,20
lxv,dch,Undirected,20,20
frd,zfb,Undirected,20,20
kzx,xdk,Undirected,20,20
pjr,xsl,Undirected,20,20
fbt,lkf,Undirected,20,20
lsz,sjq,Undirected,20,20
bvp,gtd,Undirected,20,20
nfd,mcn,Undirected,20,20
sqs,bgq,Undirected,20,20
xmr,pkr,Undirected,20,20
fmf,snf,Undirected,20,20
ltv,vlq,Undirected,20,20
qdj,cdl,Undirected,20,20
hrk,dxq,Undirected,20,20
lpk,zml,Undirected,20,20
lkg,bqh,Undirected,20,20
cln,sqs,Undirected,20,20
cdj,czv,Undirected,20,20
flv,zfn,Undirected,20,20
gfb,xdb,Undirected,20,20
ttb,sqz,Undirected,20,20
fdc,skf,Undirected,20,20
ggj,xcg,Undirected,20,20
jgm,kzg,Undirected,20,20
cbt,vpb,Undirected,20,20
gdg,zjm,Undirected,20,20
crx,fnq,Undirected,20,20
dvk,rpt,Undirected,20,20
tnp,gzd,Undirected,20,20
czz,dpj,Undirected,20,20
vzm,jvc,Undirected,20,20
mpt,hnz,Undirected,20,20
qqg,bfz,Undirected,20,20
nmn,hdl,Undirected,20,20
sbg,jtf,Undirected,20,20
nvr,nmm,Undirected,20,20
blk,phv,Undirected,20,20
tdq,rpl,Undirected,20,20
jnd,jpn,Undirected,20,20
dvd,fnc,Undirected,20,20
fbc,mrx,Undirected,20,20
vqt,jnv,Undirected,20,20
bzm,krz,Undirected,20,20
kqb,cdv,Undirected,20,20
nxq,mlh,Undirected,20,20
gpn,nbd,Undirected,20,20
fmv,vvc,Undirected,20,20
fmf,ccp,Undirected,20,20
mjk,vjs,Undirected,20,20
bbq,xqk,Undirected,20,20
ghz,dzv,Undirected,20,20
lnp,tzp,Undirected,20,20
nqt,jpj,Undirected,20,20
cpn,qcv,Undirected,20,20
tfg,fsd,Undirected,20,20
kxh,kcp,Undirected,20,20
nfm,xmr,Undirected,20,20
dbn,mfq,Undirected,20,20
fhq,fqf,Undirected,20,20
ljn,mcz,Undirected,20,20
hln,npj,Undirected,20,20
cck,gtd,Undirected,20,20
hhj,dpd,Undirected,20,20
krt,cds,Undirected,20,20
qlx,bqf,Undirected,20,20
mfk,fpp,Undirected,20,20
vfd,mqk,Undirected,20,20
lhf,hdq,Undirected,20,20
xrr,lqr,Undirected,20,20
hxn,mzj,Undirected,20,20
fpp,qgp,Undirected,20,20
kzx,zqh,Undirected,20,20
jtm,prv,Undirected,20,20
ncp,tmh,Undirected,20,20
cms,ckx,Undirected,20,20
cmn,qvb,Undirected,20,20
mnt,rbd,Undirected,20,20
hqh,sgg,Undirected,20,20
nnt,vdl,Undirected,20,20
szz,fnm,Undirected,20,20
nxs,dtc,Undirected,20,20
lcl,lbv,Undirected,20,20
hrk,ngd,Undirected,20,20
flh,fgl,Undirected,20,20
znj,fkj,Undirected,20,20
pkr,fnc,Undirected,20,20
qbt,ngd,Undirected,20,20
ptp,vkv,Undirected,20,20
nxz,ffd,Undirected,20,20
ffv,hjv,Undirected,20,20
blt,xzm,Undirected,20,20
hdq,kvg,Undirected,20,20
cxl,jhd,Undirected,20,20
xbm,snz,Undirected,20,20
zdc,clf,Undirected,20,20
vrd,zmc,Undirected,20,20
ndf,btn,Undirected,20,20
xhm,dlt,Undirected,20,20
rlh,jdf,Undirected,20,20
ckt,jvk,Undirected,20,20
glz,jjq,Undirected,20,20
ftg,cmf,Undirected,20,20
tkr,gpf,Undirected,20,20
szp,grl,Undirected,20,20
gkv,mlb,Undirected,20,20
bfh,mbj,Undirected,20,20
hqr,xpz,Undirected,20,20
rqp,sqh,Undirected,20,20
cpg,zbx,Undirected,20,20
mzf,bhj,Undirected,20,20
sxz,qsk,Undirected,20,20
bnj,bvl,Undirected,20,20
plt,vpt,Undirected,20,20
jzr,bfb,Undirected,20,20
blg,xss,Undirected,20,20
lvg,nrm,Undirected,20,20
pqg,khz,Undirected,20,20
skp,vpp,Undirected,20,20
vvj,nbd,Undirected,20,20
fmj,dnt,Undirected,20,20
sbg,jfg,Undirected,20,20
kbl,mlm,Undirected,20,20
qsr,pxt,Undirected,20,20
bbq,rkh,Undirected,20,20
fmt,lck,Undirected,20,20
dcl,rln,Undirected,20,20
rbk,zzh,Undirected,20,20
fdc,ptc,Undirected,20,20
mjz,bvm,Undirected,20,20
zdh,jtl,Undirected,20,20
gxd,bgq,Undirected,20,20
rts,bhj,Undirected,20,20
lmb,bbc,Undirected,20,20
qfq,mkq,Undirected,20,20
bjk,hvx,Undirected,20,20
zbc,brx,Undirected,20,20
xrn,slm,Undirected,20,20
lrp,xss,Undirected,20,20
nxt,rgz,Undirected,20,20
mfk,pnt,Undirected,20,20
tfc,mrz,Undirected,20,20
tfd,vpb,Undirected,20,20
vjd,mlz,Undirected,20,20
tpp,llk,Undirected,20,20
mzq,smm,Undirected,20,20
hfg,qlq,Undirected,20,20
gnf,hrh,Undirected,20,20
rbh,pjr,Undirected,20,20
tnf,htt,Undirected,20,20
lqq,csz,Undirected,20,20
mfk,lks,Undirected,20,20
spm,gtt,Undirected,20,20
dvd,cct,Undirected,20,20
rkh,xqk,Undirected,20,20
fxd,rdd,Undirected,20,20
dnq,nkh,Undirected,20,20
rqv,bdr,Undirected,20,20
tfb,blt,Undirected,20,20
vpp,dbb,Undirected,20,20
czz,bkq,Undirected,20,20
srl,qjr,Undirected,20,20
qqb,ksk,Undirected,20,20
tjj,ckx,Undirected,20,20
tbj,tcg,Undirected,20,20
cts,qgb,Undirected,20,20
gbx,lpq,Undirected,20,20
lrx,qfx,Undirected,20,20
vxc,tgt,Undirected,20,20
ctv,qcv,Undirected,20,20
mjk,cnj,Undirected,20,20
xhh,bft,Undirected,20,20
jrm,dzz,Undirected,20,20
rmr,qlx,Undirected,20,20
mzf,csz,Undirected,20,20
ggj,txf,Undirected,20,20
vxp,nrc,Undirected,20,20
lck,hrm,Undirected,20,20
ckq,jdn,Undirected,20,20
rxh,mdj,Undirected,20,20
fkn,gng,Undirected,20,20
lnx,hdq,Undirected,20,20
ljn,crx,Undirected,20,20
fjs,cpb,Undirected,20,20
sjc,snf,Undirected,20,20
mzt,sjk,Undirected,20,20
qkk,lcj,Undirected,20,20
rzq,pgc,Undirected,20,20
msr,bcd,Undirected,20,20
brx,jjf,Undirected,20,20
gzr,lzb,Undirected,20,20
hjz,nnx,Undirected,20,20
rkb,qzt,Undirected,20,20
nxt,drn,Undirected,20,20
kzq,pnr,Undirected,20,20
sbg,shr,Undirected,20,20
xgl,fbq,Undirected,20,20
mbm,rbh,Undirected,20,20
jhq,kks,Undirected,20,20
kgz,lqm,Undirected,20,20
zrp,hcz,Undirected,20,20
htt,vns,Undirected,20,20
ssq,pzb,Undirected,20,20
jpz,cdk,Undirected,20,20
bsb,tgt,Undirected,20,20
rqq,pdm,Undirected,20,20
cks,jpp,Undirected,20,20
qfm,vkf,Undirected,20,20
vqv,mhb,Undirected,20,20
mkl,tzs,Undirected,20,20
hbl,zsh,Undirected,20,20
chq,qkk,Undirected,20,20
pxt,xkh,Undirected,20,20
pnz,xsf,Undirected,20,20
gvv,rvn,Undirected,20,20
jfv,mmq,Undirected,20,20
nlq,sbm,Undirected,20,20
mdg,tkq,Undirected,20,20
brf,hjp,Undirected,20,20
dpz,fln,Undirected,20,20
ssm,zzh,Undirected,20,20
hkr,tlz,Undirected,20,20
tps,bzm,Undirected,20,20
nxq,phv,Undirected,20,20
mqf,ghl,Undirected,20,20
vjm,xxf,Undirected,20,20
vdv,ntt,Undirected,20,20
bqd,xpl,Undirected,20,20
tfr,nvd,Undirected,20,20
mmp,nrh,Undirected,20,20
dzt,fzz,Undirected,20,20
tmb,ttk,Undirected,20,20
tbv,jgp,Undirected,20,20
blj,bpf,Undirected,20,20
hbq,ngp,Undirected,20,20
lbz,jrx,Undirected,20,20
mzt,hsc,Undirected,20,20
mlh,gzb,Undirected,20,20
ljz,ssn,Undirected,20,20
xpz,qrq,Undirected,20,20
lkq,zmr,Undirected,20,20
cck,kff,Undirected,20,20
czr,nvp,Undirected,20,20
ncm,xjg,Undirected,20,20
mrh,tdz,Undirected,20,20
mvf,rjb,Undirected,20,20
gdh,tqc,Undirected,20,20
cld,pvf,Undirected,20,20
xlb,htf,Undirected,20,20
xnz,nvv,Undirected,20,20
xmn,nbd,Undirected,20,20
dbh,lqh,Undirected,20,20
znx,vxm,Undirected,20,20
zdg,njs,Undirected,20,20
gfb,tpt,Undirected,20,20
vbb,nsv,Undirected,20,20
bsj,lmv,Undirected,20,20
dkl,xzj,Undirected,20,20
lkg,tds,Undirected,20,20
txd,nxs,Undirected,20,20
rkb,znx,Undirected,20,20
sgh,rxx,Undirected,20,20
nvk,tsv,Undirected,20,20
xnd,bfh,Undirected,20,20
gqc,vbb,Undirected,20,20
ftm,tdm,Undirected,20,20
tqp,hcq,Undirected,20,20
zmc,jhg,Undirected,20,20
nmn,tzs,Undirected,20,20
vkl,jqf,Undirected,20,20
skp,khp,Undirected,20,20
qpp,tbx,Undirected,20,20
khq,xsl,Undirected,20,20
tpp,nss,Undirected,20,20
xjf,mbm,Undirected,20,20
qfq,fsd,Undirected,20,20
qjj,zxg,Undirected,20,20
plt,gmt,Undirected,20,20
bqf,llk,Undirected,20,20
zbv,kxf,Undirected,20,20
kkj,plh,Undirected,20,20
tjp,hrv,Undirected,20,20
ckt,lkf,Undirected,20,20
gjx,rgf,Undirected,20,20
sht,tds,Undirected,20,20
mlp,bll,Undirected,20,20
mcb,hqn,Undirected,20,20
lxm,xss,Undirected,20,20
bfb,mzf,Undirected,20,20
vhk,htc,Undirected,20,20
mpk,qqb,Undirected,20,20
szp,dvd,Undirected,20,20
xxf,bxp,Undirected,20,20
llz,dbb,Undirected,20,20
qvr,jjf,Undirected,20,20
fsp,crd,Undirected,20,20
gzh,hnf,Undirected,20,20
mlb,ttn,Undirected,20,20
nsf,vzm,Undirected,20,20
vgd,pvh,Undirected,20,20
gmt,dhp,Undirected,20,20
rpm,jmc,Undirected,20,20
rvf,ftc,Undirected,20,20
jdh,tmm,Undirected,20,20
nrr,tbx,Undirected,20,20
mjn,tbn,Undirected,20,20
ldl,ptl,Undirected,20,20
czl,zrp,Undirected,20,20
fcp,jjr,Undirected,20,20
xpf,tzz,Undirected,20,20
bkl,dkl,Undirected,20,20
kcf,lff,Undirected,20,20
xjf,mdg,Undirected,20,20
khp,fgl,Undirected,20,20
vcn,ttt,Undirected,20,20
trc,sfv,Undirected,20,20
lnb,fhg,Undirected,20,20
hpk,vkz,Undirected,20,20
rvc,jhd,Undirected,20,20
hjr,vpz,Undirected,20,20
rmr,jdj,Undirected,20,20
txx,jsr,Undirected,20,20
qbc,spq,Undirected,20,20
gcb,lbb,Undirected,20,20
qxt,ccq,Undirected,20,20
zkq,rts,Undirected,20,20
mkh,sxp,Undirected,20,20
bmb,vjn,Undirected,20,20
chc,grp,Undirected,20,20
spz,dkg,Undirected,20,20
pdb,vpb,Undirected,20,20
hcm,hsf,Undirected,20,20
lhr,txz,Undirected,20,20
cts,ktq,Undirected,20,20
xqs,bdl,Undirected,20,20
hxq,jmc,Undirected,20,20
xdb,pnr,Undirected,20,20
dcs,mtb,Undirected,20,20
bzr,jhj,Undirected,20,20
fkp,jrd,Undirected,20,20
rnx,dtg,Undirected,20,20
fps,rnk,Undirected,20,20
dth,mkh,Undirected,20,20
fzc,kpc,Undirected,20,20
tkr,ffv,Undirected,20,20
hmz,nnx,Undirected,20,20
pjj,cxn,Undirected,20,20
rbk,cvm,Undirected,20,20
gcz,gmt,Undirected,20,20
cbp,fnq,Undirected,20,20
rdr,hjp,Undirected,20,20
rnx,vgh,Undirected,20,20
fnm,rvn,Undirected,20,20
gvg,lnh,Undirected,20,20
bkl,ntb,Undirected,20,20
qrp,jpn,Undirected,20,20
khq,hnv,Undirected,20,20
zzg,hln,Undirected,20,20
vff,srp,Undirected,20,20
bcd,glv,Undirected,20,20
jkh,jhj,Undirected,20,20
qbc,rnx,Undirected,20,20
bln,tjp,Undirected,20,20
ggc,ddn,Undirected,20,20
ftg,kvr,Undirected,20,20
dkt,hdl,Undirected,20,20
rcp,tjp,Undirected,20,20
kzq,jvf,Undirected,20,20
dcl,xcs,Undirected,20,20
mkb,pgc,Undirected,20,20
gdr,hkd,Undirected,20,20
mmk,knr,Undirected,20,20
skv,qqp,Undirected,20,20
vdk,cfj,Undirected,20,20
grk,bbt,Undirected,20,20
ckq,nhn,Undirected,20,20
qrt,jvf,Undirected,20,20
xgr,nkh,Undirected,20,20
kvr,chr,Undirected,20,20
vkx,zng,Undirected,20,20
zhl,fhl,Undirected,20,20
bdq,qxt,Undirected,20,20
hnv,xzm,Undirected,20,20
tkx,zqq,Undirected,20,20
crx,nvp,Undirected,20,20
cct,kbq,Undirected,20,20
fnj,xhj,Undirected,20,20
mdg,mnc,Undirected,20,20
mlp,bfk,Undirected,20,20
jzr,nkl,Undirected,20,20
mfd,khc,Undirected,20,20
qtg,gjx,Undirected,20,20
bjr,jsd,Undirected,20,20
rcp,sdf,Undirected,20,20
gfc,hbs,Undirected,20,20
fzb,jvc,Undirected,20,20
tmh,htt,Undirected,20,20
hcm,jms,Undirected,20,20
vpz,tzd,Undirected,20,20
skh,vpn,Undirected,20,20
jms,fkd,Undirected,20,20
sld,ghc,Undirected,20,20
cfj,glm,Undirected,20,20
mqf,bjk,Undirected,20,20
vft,nxt,Undirected,20,20
nbt,dkm,Undirected,20,20
gjk,fhg,Undirected,20,20
zbr,pfz,Undirected,20,20
vzq,nrh,Undirected,20,20
nsv,ttb,Undirected,20,20
czv,qlt,Undirected,20,20
tjj,qlt,Undirected,20,20
fqn,ljt,Undirected,20,20
fcv,tnd,Undirected,20,20
ddv,qfg,Undirected,20,20
fmt,qqq,Undirected,20,20
dgp,njs,Undirected,20,20
xgr,nbh,Undirected,20,20
xgr,bmf,Undirected,20,20
xsz,nks,Undirected,20,20
jgm,svp,Undirected,20,20
lck,tdz,Undirected,20,20
lrc,qqh,Undirected,20,20
dth,vcn,Undirected,20,20
dsp,hbs,Undirected,20,20
xjr,pfp,Undirected,20,20
ssm,ftr,Undirected,20,20
rnh,phv,Undirected,20,20
ggm,cxf,Undirected,20,20
pmh,mtg,Undirected,20,20
nxs,bgl,Undirected,20,20
mkb,rbd,Undirected,20,20
tlj,scb,Undirected,20,20
ddv,srr,Undirected,20,20
gnf,rhn,Undirected,20,20
zpd,fcp,Undirected,20,20
gqf,nkt,Undirected,20,20
mcv,jjf,Undirected,20,20
ghm,pfp,Undirected,20,20
qlb,dbh,Undirected,20,20
tqp,fqr,Undirected,20,20
kzg,xdm,Undirected,20,20
cvl,cbd,Undirected,20,20
qlq,hpx,Undirected,20,20
vgg,zsk,Undirected,20,20
cbz,lqs,Undirected,20,20
cvc,bmd,Undirected,20,20
hfr,hjh,Undirected,20,20
rdq,dlz,Undirected,20,20
mtb,drr,Undirected,20,20
gzv,dgm,Undirected,20,20
bfk,cbp,Undirected,20,20
xsx,dcj,Undirected,20,20
xnl,crx,Undirected,20,20
lqm,tbv,Undirected,20,20
ffv,qzt,Undirected,20,20
ttl,rmm,Undirected,20,20
rpm,vcn,Undirected,20,20
mqs,ccl,Undirected,20,20
gmk,vnf,Undirected,20,20
sdr,rcz,Undirected,20,20
blh,ksk,Undirected,20,20
xjr,zqq,Undirected,20,20
dvd,dhf,Undirected,20,20
pzc,xlb,Undirected,20,20
bbq,lrp,Undirected,20,20
bhs,ggj,Undirected,20,20
rzb,zsh,Undirected,20,20
hjh,qpx,Undirected,20,20
lxm,kxg,Undirected,20,20
jfc,rgx,Undirected,20,20
svp,pqj,Undirected,20,20
lbz,jbt,Undirected,20,20
msr,rkd,Undirected,20,20
lrr,fjm,Undirected,20,20
kjt,xsz,Undirected,20,20
pmz,rpt,Undirected,20,20
rmx,cpn,Undirected,20,20
fmh,sxn,Undirected,20,20
dvk,kpc,Undirected,20,20
zpl,bft,Undirected,20,20
blt,tmf,Undirected,20,20
hcz,pqx,Undirected,20,20
cds,dlg,Undirected,20,20
hnl,tzz,Undirected,20,20
gnq,rdr,Undirected,20,20
lnh,rpm,Undirected,20,20
qzt,jvk,Undirected,20,20
hln,qch,Undirected,20,20
ztd,rnk,Undirected,20,20
nfj,zst,Undirected,20,20
srh,tbp,Undirected,20,20
hnz,lpq,Undirected,20,20
vtg,vhv,Undirected,20,20
sbm,xtv,Undirected,20,20
vtg,cvt,Undirected,20,20
cdj,kcv,Undirected,20,20
zpl,lpl,Undirected,20,20
jbl,tbp,Undirected,20,20
ccq,qcv,Undirected,20,20
fsg,tqm,Undirected,20,20
skt,pdm,Undirected,20,20
lts,kld,Undirected,20,20
pkc,htf,Undirected,20,20
nzg,xdj,Undirected,20,20
sdr,jrx,Undirected,20,20
gbd,jjq,Undirected,20,20
rkd,vvj,Undirected,20,20
bsj,hfr,Undirected,20,20
pcm,sxq,Undirected,20,20
pbq,rjn,Undirected,20,20
gdg,skt,Undirected,20,20
mdg,drn,Undirected,20,20
xfm,dlf,Undirected,20,20
xjf,ljm,Undirected,20,20
gbx,nnr,Undirected,20,20
zdh,ltv,Undirected,20,20
dnj,rpt,Undirected,20,20
qzm,kmn,Undirected,20,20
hsz,jck,Undirected,20,20
gzh,dfh,Undirected,20,20
pmf,stt,Undirected,20,20
gzv,ppp,Undirected,20,20
sbl,rkd,Undirected,20,20
rkb,csj,Undirected,20,20
fhk,ptl,Undirected,20,20
jtl,lrc,Undirected,20,20
pmz,qks,Undirected,20,20
bqf,fqf,Undirected,20,20
vzr,kbk,Undirected,20,20
blv,qnm,Undirected,20,20
cqj,xqc,Undirected,20,20
thv,fcd,Undirected,20,20
njs,spl,Undirected,20,20
cms,ggc,Undirected,20,20
sxv,xtq,Undirected,20,20
vrk,mpb,Undirected,20,20
dgn,xnd,Undirected,20,20
knd,ncz,Undirected,20,20
dbj,sqz,Undirected,20,20
tcg,jbh,Undirected,20,20
qbq,hrn,Undirected,20,20
kkj,mcz,Undirected,20,20
lxc,nxz,Undirected,20,20
ngp,nsz,Undirected,20,20
nth,bkf,Undirected,20,20
kbp,kcg,Undirected,20,20
mtg,bzk,Undirected,20,20
txh,lrx,Undirected,20,20
xtp,drr,Undirected,20,20
vgh,xhj,Undirected,20,20
zpl,cjq,Undirected,20,20
vfz,spv,Undirected,20,20
srl,ccb,Undirected,20,20
slm,fkp,Undirected,20,20
kzx,dhq,Undirected,20,20
plt,jlp,Undirected,20,20
pnt,szh,Undirected,20,20
gzp,vgd,Undirected,20,20
rbk,lxr,Undirected,20,20
mbj,mcz,Undirected,20,20
gcz,jrl,Undirected,20,20
jtf,cdk,Undirected,20,20
cvm,qfg,Undirected,20,20
npj,pzb,Undirected,20,20
nlf,mvf,Undirected,20,20
vjm,mfx,Undirected,20,20
psk,kzg,Undirected,20,20
qpg,ssr,Undirected,20,20
ljd,fvz,Undirected,20,20
hlt,tgl,Undirected,20,20
qpp,llk,Undirected,20,20
lpz,hpp,Undirected,20,20
nsz,fkn,Undirected,20,20
glv,fjd,Undirected,20,20
mjk,tkz,Undirected,20,20
ljt,ssl,Undirected,20,20
vkr,rzq,Undirected,20,20
lrx,bfj,Undirected,20,20
lnx,fzz,Undirected,20,20
bqt,zpk,Undirected,20,20
klm,lts,Undirected,20,20
fdc,cbd,Undirected,20,20
ctq,nph,Undirected,20,20
mkl,jtm,Undirected,20,20
ftg,fjd,Undirected,20,20
kpn,lcg,Undirected,20,20
kcc,mqh,Undirected,20,20
ndv,lrr,Undirected,20,20
ghz,cqn,Undirected,20,20
tdm,qcp,Undirected,20,20
psc,jlj,Undirected,20,20
qtg,xlr,Undirected,20,20
bzn,prz,Undirected,20,20
fcz,fps,Undirected,20,20
tvt,lvv,Undirected,20,20
cns,lld,Undirected,20,20
cbz,kxf,Undirected,20,20
tpp,tmb,Undirected,20,20
hjr,jbh,Undirected,20,20
qsl,qjx,Undirected,20,20
hjr,zxc,Undirected,20,20
zkr,fpc,Undirected,20,20
xjn,hdv,Undirected,20,20
zdt,zlk,Undirected,20,20
qjr,gzz,Undirected,20,20
gqc,jfc,Undirected,20,20
zqm,gzb,Undirected,20,20
kdv,sjc,Undirected,20,20
mlz,tmm,Undirected,20,20
fxm,qzc,Undirected,20,20
zph,rxs,Undirected,20,20
rxs,tfv,Undirected,20,20
nzg,llz,Undirected,20,20
mtg,ckm,Undirected,20,20
ggd,gjf,Undirected,20,20
hsr,lrr,Undirected,20,20
cdv,rqv,Undirected,20,20
zqr,tzs,Undirected,20,20
dfj,hpx,Undirected,20,20
tgl,cbs,Undirected,20,20
ljg,fnk,Undirected,20,20
dxg,fqs,Undirected,20,20
pqn,cjq,Undirected,20,20
zsv,dfh,Undirected,20,20
nmm,fnm,Undirected,20,20
snd,vqm,Undirected,20,20
zxx,pht,Undirected,20,20
rmm,bcj,Undirected,20,20
xnx,prz,Undirected,20,20
xzh,bsx,Undirected,20,20
fdx,jvd,Undirected,20,20
txx,mgl,Undirected,20,20
pqx,khn,Undirected,20,20
bcd,njs,Undirected,20,20
tlt,nxz,Undirected,20,20
lck,jzz,Undirected,20,20
sgc,mkb,Undirected,20,20
rxz,jrc,Undirected,20,20
xtk,jdn,Undirected,20,20
dbh,fnk,Undirected,20,20
grp,nqc,Undirected,20,20
bcp,gnq,Undirected,20,20
fpg,zlc,Undirected,20,20
rxs,crf,Undirected,20,20
fnq,fxj,Undirected,20,20
kfb,fps,Undirected,20,20
sdb,mcv,Undirected,20,20
rnx,cbs,Undirected,20,20
vnr,clf,Undirected,20,20
jxv,rgn,Undirected,20,20
lsv,fhl,Undirected,20,20
bmd,ksk,Undirected,20,20
csz,xct,Undirected,20,20
dhp,xdh,Undirected,20,20
mcq,xtb,Undirected,20,20
pzj,jvb,Undirected,20,20
zqh,nlp,Undirected,20,20
nbt,ttt,Undirected,20,20
knh,qrq,Undirected,20,20
qjj,dps,Undirected,20,20
rbh,pqx,Undirected,20,20
cfj,vqm,Undirected,20,20
pnz,hkr,Undirected,20,20
nzl,xlc,Undirected,20,20
hqh,lsl,Undirected,20,20
gdr,ssm,Undirected,20,20
kdh,ksm,Undirected,20,20
blj,fdf,Undirected,20,20
qgb,fkn,Undirected,20,20
bmb,pkc,Undirected,20,20
lcl,rgz,Undirected,20,20
fnp,prk,Undirected,20,20
bdl,hsf,Undirected,20,20
mvs,skb,Undirected,20,20
lpz,ptl,Undirected,20,20
sbg,fqf,Undirected,20,20
zdb,tdm,Undirected,20,20
hpk,pmz,Undirected,20,20
lxc,lzl,Undirected,20,20
xsx,hdl,Undirected,20,20
ddl,qfx,Undirected,20,20
skh,bqh,Undirected,20,20
gzl,bzl,Undirected,20,20
lpp,qdj,Undirected,20,20
pkp,zxx,Undirected,20,20
mpb,vxn,Undirected,20,20
glm,fqk,Undirected,20,20
bzq,qgc,Undirected,20,20
nht,khq,Undirected,20,20
hbk,qfj,Undirected,20,20
jsd,vbm,Undirected,20,20
cds,gbd,Undirected,20,20
pcr,fnx,Undirected,20,20
gkv,bhs,Undirected,20,20
vvc,fcd,Undirected,20,20
xjj,sgs,Undirected,20,20
rkh,dcs,Undirected,20,20
cvh,ndf,Undirected,20,20
lgm,ffd,Undirected,20,20
tsj,tzz,Undirected,20,20
pxs,dfk,Undirected,20,20
lxv,vvf,Undirected,20,20
tbc,pxb,Undirected,20,20
vpn,drz,Undirected,20,20
cnc,ngd,Undirected,20,20
nbb,zfb,Undirected,20,20
hrp,vxn,Undirected,20,20
lkq,ddn,Undirected,20,20
vrk,xrb,Undirected,20,20
bkf,fnk,Undirected,20,20
kzm,ztm,Undirected,20,20
lbv,qcv,Undirected,20,20
cgd,tzs,Undirected,20,20
bdq,rhn,Undirected,20,20
gsr,chc,Undirected,20,20
sdz,jkf,Undirected,20,20
bbc,ltm,Undirected,20,20
pfp,mvf,Undirected,20,20
bkv,kvg,Undirected,20,20
dfk,xtk,Undirected,20,20
lcl,pnt,Undirected,20,20
dsp,zjm,Undirected,20,20
qmr,hnf,Undirected,20,20
jzz,pfb,Undirected,20,20
fmf,zrf,Undirected,20,20
pdh,llg,Undirected,20,20
psx,ccb,Undirected,20,20
bbh,gqr,Undirected,20,20
nsv,mhb,Undirected,20,20
grp,grl,Undirected,20,20
knv,drr,Undirected,20,20
xnd,lqh,Undirected,20,20
qxx,clt,Undirected,20,20
xhh,ssf,Undirected,20,20
mkq,rhf,Undirected,20,20
srt,jrb,Undirected,20,20
blt,hrh,Undirected,20,20
gmk,nlf,Undirected,20,20
lhs,fkj,Undirected,20,20
kmz,gzb,Undirected,20,20
pxs,zzx,Undirected,20,20
nmd,mzh,Undirected,20,20
rxs,drn,Undirected,20,20
kfm,hdm,Undirected,20,20
fxm,qjh,Undirected,20,20
mbm,zxc,Undirected,20,20
jqb,fjd,Undirected,20,20
jdh,pht,Undirected,20,20
xtk,prh,Undirected,20,20
dbl,xtb,Undirected,20,20
cnc,ksz,Undirected,20,20
brf,dbx,Undirected,20,20
qvr,qfg,Undirected,20,20
cdl,qlh,Undirected,20,20
dkx,qvr,Undirected,20,20
qxt,sfr,Undirected,20,20
qtg,rln,Undirected,20,20
hfl,gzf,Undirected,20,20
sgf,pkj,Undirected,20,20
jbt,zjp,Undirected,20,20
dfk,mcg,Undirected,20,20
zrp,rhf,Undirected,20,20
mth,xrb,Undirected,20,20
pfz,lsv,Undirected,20,20
pvh,sfj,Undirected,20,20
csk,jgm,Undirected,20,20
bkf,fmh,Undirected,20,20
lsl,ljg,Undirected,20,20
fxd,qzz,Undirected,20,20
jsx,hnq,Undirected,20,20
bhs,ggr,Undirected,20,20
vtc,gtd,Undirected,20,20
rkb,spz,Undirected,20,20
fsp,dgx,Undirected,20,20
fgh,nqc,Undirected,20,20
zlk,gcb,Undirected,20,20
qnm,tsv,Undirected,20,20
lxv,zxg,Undirected,20,20
dbn,tnf,Undirected,20,20
vgg,kcc,Undirected,20,20
bcj,brg,Undirected,20,20
qbq,sfr,Undirected,20,20
ljm,jpj,Undirected,20,20
vbm,thh,Undirected,20,20
lnh,rqr,Undirected,20,20
kmx,zrf,Undirected,20,20
dbj,mzq,Undirected,20,20
rsg,hrp,Undirected,20,20
lbt,nlq,Undirected,20,20
sfv,vfz,Undirected,20,20
fcp,ggr,Undirected,20,20
nmd,lkq,Undirected,20,20
nkl,fcp,Undirected,20,20
snz,lkr,Undirected,20,20
dch,fsd,Undirected,20,20
snz,mns,Undirected,20,20
qls,ghz,Undirected,20,20
lzs,hpx,Undirected,20,20
cbz,mhg,Undirected,20,20
mnx,tdr,Undirected,20,20
bqd,rdb,Undirected,20,20
xqc,zjm,Undirected,20,20
hqn,ftc,Undirected,20,20
nxz,zxf,Undirected,20,20
trc,phg,Undirected,20,20
ptc,bql,Undirected,20,20
dhq,pgc,Undirected,20,20
htt,zng,Undirected,20,20
vjz,xcs,Undirected,20,20
zph,tdq,Undirected,20,20
xsl,jlp,Undirected,20,20
lqb,tbx,Undirected,20,20
mmk,blv,Undirected,20,20
ljz,bjf,Undirected,20,20
rmx,psz,Undirected,20,20
qqp,lqh,Undirected,20,20
ptc,mnp,Undirected,20,20
xth,fpg,Undirected,20,20
brm,kmn,Undirected,20,20
lmb,lhf,Undirected,20,20
qbc,nrr,Undirected,20,20
dts,zpm,Undirected,20,20
ncf,gjk,Undirected,20,20
ndv,tsj,Undirected,20,20
cbp,kdx,Undirected,20,20
tbv,lgt,Undirected,20,20
nnv,rdr,Undirected,20,20
pcl,qks,Undirected,20,20
xzr,grx,Undirected,20,20
fcd,qxx,Undirected,20,20
pxn,nss,Undirected,20,20
jrb,nkt,Undirected,20,20
bsj,zzh,Undirected,20,20
skf,ldq,Undirected,20,20
psz,jlj,Undirected,20,20
nzx,blk,Undirected,20,20
pds,qrc,Undirected,20,20
nhs,qfd,Undirected,20,20
kcz,jvd,Undirected,20,20
ssq,kxh,Undirected,20,20
ksx,nbq,Undirected,20,20
pbk,zsh,Undirected,20,20
hlz,qkt,Undirected,20,20
zst,dkg,Undirected,20,20
bqt,mrx,Undirected,20,20
xlk,rgz,Undirected,20,20
jrc,vxp,Undirected,20,20
bdq,fxm,Undirected,20,20
qbm,fbt,Undirected,20,20
tlj,pgh,Undirected,20,20
xcf,bkl,Undirected,20,20
clt,rvl,Undirected,20,20
nvb,tdt,Undirected,20,20
vdk,kbv,Undirected,20,20
dqn,nzl,Undirected,20,20
lhr,mvf,Undirected,20,20
bql,jjp,Undirected,20,20
rqr,cnj,Undirected,20,20
xpn,pkq,Undirected,20,20
vvx,sqf,Undirected,20,20
lcj,glp,Undirected,20,20
vkl,qsl,Undirected,20,20
slj,vkx,Undirected,20,20
dnf,cfc,Undirected,20,20
dlz,gzz,Undirected,20,20
gfb,mtp,Undirected,20,20
xqc,psf,Undirected,20,20
xnd,bqt,Undirected,20,20
ctv,ztd,Undirected,20,20
bqs,pqg,Undirected,20,20
ckm,vjs,Undirected,20,20
phd,shq,Undirected,20,20
plt,nxd,Undirected,20,20
vhk,fhl,Undirected,20,20
gff,fmv,Undirected,20,20
nfd,drr,Undirected,20,20
rlf,kpc,Undirected,20,20
hrz,thv,Undirected,20,20
cjq,kdx,Undirected,20,20
tct,kbl,Undirected,20,20
ntf,pnr,Undirected,20,20
chr,dgm,Undirected,20,20
xgx,cxd,Undirected,20,20
kqt,hxn,Undirected,20,20
mjk,zmd,Undirected,20,20
kvx,xdh,Undirected,20,20
fpj,mcq,Undirected,20,20
vxp,gkv,Undirected,20,20
pjj,xvc,Undirected,20,20
bbt,gtt,Undirected,20,20
vnq,jjq,Undirected,20,20
fhk,khq,Undirected,20,20
jbl,kbs,Undirected,20,20
lbt,kfb,Undirected,20,20
hxn,sgz,Undirected,20,20
mmp,gqf,Undirected,20,20
mzs,jxr,Undirected,20,20
dzt,cqd,Undirected,20,20
mmk,fcv,Undirected,20,20
jrr,bpt,Undirected,20,20
nsf,cvt,Undirected,20,20
tfg,gdr,Undirected,20,20
kxg,blv,Undirected,20,20
krt,znj,Undirected,20,20
lxl,jrx,Undirected,20,20
xmn,tsv,Undirected,20,20
gjb,xgx,Undirected,20,20
spm,tjs,Undirected,20,20
fnp,xpf,Undirected,20,20
ntb,qfj,Undirected,20,20
pzv,bzl,Undirected,20,20
tnj,sgs,Undirected,20,20
fdg,nnn,Undirected,20,20
blh,fxj,Undirected,20,20
xmj,lxx,Undirected,20,20
tsz,nbt,Undirected,20,20
flh,prp,Undirected,20,20
ntg,hhj,Undirected,20,20
rqm,dtg,Undirected,20,20
zkr,bln,Undirected,20,20
kqb,mrh,Undirected,20,20
tsq,fdt,Undirected,20,20
xvc,zfb,Undirected,20,20
zlq,kbp,Undirected,20,20
vkg,vhk,Undirected,20,20
dhk,mpk,Undirected,20,20
bvl,xqg,Undirected,20,20
rhj,plh,Undirected,20,20
dhh,fbk,Undirected,20,20
ltm,dtg,Undirected,20,20
tbh,spm,Undirected,20,20
zjr,ljk,Undirected,20,20
cld,ghm,Undirected,20,20
gxp,rjz,Undirected,20,20
ctv,sld,Undirected,20,20
gsc,nrm,Undirected,20,20
vls,qtg,Undirected,20,20
zkq,nph,Undirected,20,20
lxl,fdc,Undirected,20,20
srh,mpk,Undirected,20,20
pvf,srl,Undirected,20,20
tlk,lvg,Undirected,20,20
cvh,pmx,Undirected,20,20
llk,qvq,Undirected,20,20
qmh,mrz,Undirected,20,20
txx,ttn,Undirected,20,20
krq,bsq,Undirected,20,20
rrf,zrf,Undirected,20,20
dpn,hhq,Undirected,20,20
nzx,qlt,Undirected,20,20
pfz,sqs,Undirected,20,20
gxd,nmm,Undirected,20,20
bvp,mrr,Undirected,20,20
vft,rvn,Undirected,20,20
cld,pds,Undirected,20,20
szp,kkb,Undirected,20,20
dxq,fkv,Undirected,20,20
szp,rcp,Undirected,20,20
rgx,hgb,Undirected,20,20
lxc,trg,Undirected,20,20
tsz,xlg,Undirected,20,20
rvc,tnf,Undirected,20,20
gpn,jxv,Undirected,20,20
ggm,kht,Undirected,20,20
vkz,pkq,Undirected,20,20
qrv,tkx,Undirected,20,20
dbl,txh,Undirected,20,20
jrx,vtr,Undirected,20,20
ccq,dlv,Undirected,20,20
rvf,rcz,Undirected,20,20
dhk,xdb,Undirected,20,20
tfg,qzc,Undirected,20,20
qrr,xlk,Undirected,20,20
dzv,ssj,Undirected,20,20
gpl,zkg,Undirected,20,20
cvc,hbl,Undirected,20,20
jjr,ftc,Undirected,20,20
qfd,fmv,Undirected,20,20
zxp,rqr,Undirected,20,20
mnx,dnq,Undirected,20,20
ldl,glm,Undirected,20,20
dhl,bgj,Undirected,20,20
fmq,gzd,Undirected,20,20
nfm,csk,Undirected,20,20
gmd,qxx,Undirected,20,20
vnf,cbd,Undirected,20,20
hnv,qpx,Undirected,20,20
lzs,mpz,Undirected,20,20
zzg,lgt,Undirected,20,20
cmn,bnk,Undirected,20,20
rxk,llg,Undirected,20,20
hdg,mlp,Undirected,20,20
htf,mlb,Undirected,20,20
ntf,qqq,Undirected,20,20
bns,lkv,Undirected,20,20
ltx,jfv,Undirected,20,20
czl,txd,Undirected,20,20
tsq,hjc,Undirected,20,20
xpl,sxp,Undirected,20,20
mqx,rxp,Undirected,20,20
tbc,cfc,Undirected,20,20
shq,ccb,Undirected,20,20
sbl,ndb,Undirected,20,20
smc,fpj,Undirected,20,20
srt,pld,Undirected,20,20
ksd,frn,Undirected,20,20
fmh,zmq,Undirected,20,20
hnb,qqr,Undirected,20,20
jkc,xsf,Undirected,20,20
xcf,nqz,Undirected,20,20
szt,jrl,Undirected,20,20
shl,ktq,Undirected,20,20
kqb,jpd,Undirected,20,20
xdj,hdg,Undirected,20,20
tps,lvg,Undirected,20,20
nzt,rzp,Undirected,20,20
ckm,kxf,Undirected,20,20
mtg,txx,Undirected,20,20
lkq,xcg,Undirected,20,20
lxc,nlr,Undirected,20,20
nfh,xmn,Undirected,20,20
cqx,mcn,Undirected,20,20
rlf,blj,Undirected,20,20
tzd,jsg,Undirected,20,20
tmq,vxn,Undirected,20,20
jzr,ftg,Undirected,20,20
jsx,qgf,Undirected,20,20
zlc,ndb,Undirected,20,20
hsf,kdx,Undirected,20,20
xcg,gjf,Undirected,20,20
qzm,ssj,Undirected,20,20
zdg,prv,Undirected,20,20
jfg,grd,Undirected,20,20
hdm,bxp,Undirected,20,20
qnm,qzz,Undirected,20,20
fqr,qgf,Undirected,20,20
tzd,mmq,Undirected,20,20
cmn,vqk,Undirected,20,20
ssj,qzz,Undirected,20,20
ljk,fhq,Undirected,20,20
zml,fjm,Undirected,20,20
bnk,ntt,Undirected,20,20
bcm,scb,Undirected,20,20
bjk,dhp,Undirected,20,20
hxq,ggr,Undirected,20,20
xfh,lmf,Undirected,20,20
mnp,qzz,Undirected,20,20
bkj,vhd,Undirected,20,20
gpj,lcg,Undirected,20,20
bns,vnr,Undirected,20,20
tcx,rxx,Undirected,20,20
pkc,bpg,Undirected,20,20
pqx,hrv,Undirected,20,20
szj,xtb,Undirected,20,20
bnk,qsk,Undirected,20,20
ljn,frd,Undirected,20,20
mjd,kbq,Undirected,20,20
jfc,dbj,Undirected,20,20
sbm,nbh,Undirected,20,20
hnf,nnr,Undirected,20,20
rnr,dkx,Undirected,20,20
xmp,lvv,Undirected,20,20
lmf,mjd,Undirected,20,20
xxz,kqt,Undirected,20,20
lxm,zgd,Undirected,20,20
ljd,lkg,Undirected,20,20
kxg,fnx,Undirected,20,20
dnl,zqr,Undirected,20,20
rsg,zxz,Undirected,20,20
rfn,cdl,Undirected,20,20
csk,fhq,Undirected,20,20
bcp,hrm,Undirected,20,20
pkc,vgd,Undirected,20,20
rmr,vpp,Undirected,20,20
kdh,ntb,Undirected,20,20
ksz,jfk,Undirected,20,20
gqt,hpp,Undirected,20,20
vpz,zbc,Undirected,20,20
ngn,pjr,Undirected,20,20
mrh,cdk,Undirected,20,20
hqg,gjf,Undirected,20,20
djc,rts,Undirected,20,20
nnm,ssc,Undirected,20,20
lxr,lpz,Undirected,20,20
xdk,kqr,Undirected,20,20
zpd,dgb,Undirected,20,20
hjc,llf,Undirected,20,20
tbv,pzm,Undirected,20,20
mmx,pmv,Undirected,20,20
ljf,xxf,Undirected,20,20
jkc,bbc,Undirected,20,20
dgx,dfc,Undirected,20,20
hpx,xhj,Undirected,20,20
ztd,vkx,Undirected,20,20
dxl,gjf,Undirected,20,20
nsf,mcz,Undirected,20,20
dkc,psf,Undirected,20,20
ffv,zmd,Undirected,20,20
ncm,qdf,Undirected,20,20
lcl,gcz,Undirected,20,20
cjm,ldd,Undirected,20,20
rcp,kcf,Undirected,20,20
jpk,qgj,Undirected,20,20
pjj,sbr,Undirected,20,20
sgc,bjk,Undirected,20,20
szz,kbp,Undirected,20,20
qdr,lkr,Undirected,20,20
xmp,qgc,Undirected,20,20
hbq,npj,Undirected,20,20
ckm,vnr,Undirected,20,20
lxm,jqb,Undirected,20,20
bnj,spl,Undirected,20,20
pmx,pzb,Undirected,20,20
zsv,gsv,Undirected,20,20
qzt,fbk,Undirected,20,20
smc,rjz,Undirected,20,20
rkb,mcb,Undirected,20,20
jxv,rjn,Undirected,20,20
plb,xfv,Undirected,20,20
cvc,ssc,Undirected,20,20
sgf,jhz,Undirected,20,20
jqf,zvz,Undirected,20,20
vls,fdk,Undirected,20,20
tbk,kvx,Undirected,20,20
hln,ddf,Undirected,20,20
qdh,cxl,Undirected,20,20
fvz,bdr,Undirected,20,20
kfz,gpf,Undirected,20,20
dts,cqz,Undirected,20,20
vns,mpk,Undirected,20,20
kzg,jpd,Undirected,20,20
ssf,mqt,Undirected,20,20
mqz,cbd,Undirected,20,20
fnj,szz,Undirected,20,20
zbp,grl,Undirected,20,20
csk,xdk,Undirected,20,20
chq,vfz,Undirected,20,20
cdj,qdr,Undirected,20,20
ljz,krz,Undirected,20,20
gfb,sxz,Undirected,20,20
gbx,bfz,Undirected,20,20
mqk,mqt,Undirected,20,20
jkc,knh,Undirected,20,20
kcv,kff,Undirected,20,20
qgc,cnj,Undirected,20,20
psx,fpg,Undirected,20,20
kkj,pxs,Undirected,20,20
ctf,zdb,Undirected,20,20
pqn,tqm,Undirected,20,20
xlc,pmf,Undirected,20,20
bbt,gpj,Undirected,20,20
jhg,mzj,Undirected,20,20
gdh,ssl,Undirected,20,20
zhl,qbt,Undirected,20,20
lsz,gpj,Undirected,20,20
bkl,hdv,Undirected,20,20
zbv,pzk,Undirected,20,20
xkh,vbm,Undirected,20,20
fvz,kbq,Undirected,20,20
tkx,khz,Undirected,20,20
tcg,mrz,Undirected,20,20
sgh,pll,Undirected,20,20
mhb,rdq,Undirected,20,20
jdj,tlz,Undirected,20,20
lmz,lrp,Undirected,20,20
glp,zfb,Undirected,20,20
nsc,pcr,Undirected,20,20
ckq,jsg,Undirected,20,20
bzm,zfq,Undirected,20,20
fnc,lcj,Undirected,20,20
zjp,fpk,Undirected,20,20
pcr,pgh,Undirected,20,20
rqg,lbt,Undirected,20,20
nnm,rbd,Undirected,20,20
lgm,bzr,Undirected,20,20
xxf,fpk,Undirected,20,20
jqf,sgc,Undirected,20,20
mpt,bfx,Undirected,20,20
vzm,qlq,Undirected,20,20
hkd,zxg,Undirected,20,20
blh,rnr,Undirected,20,20
qjx,lsv,Undirected,20,20
gdh,tcn,Undirected,20,20
sdf,ghc,Undirected,20,20
ghm,nzt,Undirected,20,20
kcf,ljd,Undirected,20,20
bsx,jds,Undirected,20,20
mkj,ccb,Undirected,20,20
pkp,pzg,Undirected,20,20
fbq,mtb,Undirected,20,20
khc,gjf,Undirected,20,20
xnl,srp,Undirected,20,20
gnr,xlr,Undirected,20,20
fnp,rlh,Undirected,20,20
rgn,rdd,Undirected,20,20
grk,xxm,Undirected,20,20
qfm,bbq,Undirected,20,20
vzn,sjz,Undirected,20,20
fjs,fzb,Undirected,20,20
lrp,fjd,Undirected,20,20
fcd,bdl,Undirected,20,20
vqk,kcf,Undirected,20,20
nvv,vxn,Undirected,20,20
nrn,jgp,Undirected,20,20
rpl,xfh,Undirected,20,20
tkz,brc,Undirected,20,20
tjj,rxh,Undirected,20,20
fqr,kkb,Undirected,20,20
crr,vkf,Undirected,20,20
qvq,mnc,Undirected,20,20
fzb,hqr,Undirected,20,20
rln,prc,Undirected,20,20
mcn,qrc,Undirected,20,20
nzt,dkm,Undirected,20,20
qvq,tfc,Undirected,20,20
bll,xzj,Undirected,20,20
zjr,shr,Undirected,20,20
sbl,ssl,Undirected,20,20
pht,gbx,Undirected,20,20
lrs,spz,Undirected,20,20
pxt,gpf,Undirected,20,20
nzl,ghc,Undirected,20,20
scb,fvp,Undirected,20,20
hlt,fgh,Undirected,20,20
dlz,txz,Undirected,20,20
zmc,fdx,Undirected,20,20
xcp,pfd,Undirected,20,20
ndr,qxc,Undirected,20,20
tjf,ckt,Undirected,20,20
kcg,ppz,Undirected,20,20
tzm,fvp,Undirected,20,20
stj,zmr,Undirected,20,20
zmq,zdb,Undirected,20,20
fsd,hqh,Undirected,20,20
jql,rxk,Undirected,20,20
cgd,xtp,Undirected,20,20
qxz,hjc,Undirected,20,20
cbd,fhg,Undirected,20,20
zml,ssr,Undirected,20,20
vpz,bft,Undirected,20,20
lzl,qzt,Undirected,20,20
ltv,zlq,Undirected,20,20
phk,kmn,Undirected,20,20
gkv,hdm,Undirected,20,20
cpg,hjz,Undirected,20,20
lzs,cgz,Undirected,20,20
rzq,qsk,Undirected,20,20
dnt,mpz,Undirected,20,20
cxf,jrb,Undirected,20,20
jms,trc,Undirected,20,20
mjn,kcg,Undirected,20,20
bfx,pzj,Undirected,20,20
pzc,zrr,Undirected,20,20
bcm,sdk,Undirected,20,20
vvf,vxc,Undirected,20,20
tzk,zst,Undirected,20,20
ttm,mzq,Undirected,20,20
hlz,gpf,Undirected,20,20
bgq,lzb,Undirected,20,20
mhg,msc,Undirected,20,20
xzp,stt,Undirected,20,20
sld,qcv,Undirected,20,20
pxs,xxz,Undirected,20,20
rmx,rrf,Undirected,20,20
qqr,tjs,Undirected,20,20
hcm,vpn,Undirected,20,20
sjq,zfb,Undirected,20,20
lqs,xlg,Undirected,20,20
pdh,hdv,Undirected,20,20
rvf,gzz,Undirected,20,20
vkl,rbp,Undirected,20,20
fcz,qrq,Undirected,20,20
gvr,kbs,Undirected,20,20
dnn,lkk,Undirected,20,20
bfz,dkm,Undirected,20,20
mzh,gjk,Undirected,20,20
hlt,kbs,Undirected,20,20
phk,mfx,Undirected,20,20
qcx,pbk,Undirected,20,20
qzm,fbt,Undirected,20,20
fbq,gqf,Undirected,20,20
zlm,rnh,Undirected,20,20
spt,hpk,Undirected,20,20
nqz,lcg,Undirected,20,20
bcd,bcm,Undirected,20,20
gdr,psk,Undirected,20,20
xtk,tqm,Undirected,20,20
lbv,fqr,Undirected,20,20
ccp,sbm,Undirected,20,20
gzv,zvd,Undirected,20,20
vqt,gpj,Undirected,20,20
grd,fmq,Undirected,20,20
jfg,qsf,Undirected,20,20
pnr,prh,Undirected,20,20
phc,xxs,Undirected,20,20
bbc,dfj,Undirected,20,20
nsc,gvg,Undirected,20,20
qxz,xgx,Undirected,20,20
dnj,zdc,Undirected,20,20
cgz,fxk,Undirected,20,20
phk,zpr,Undirected,20,20
jjf,czr,Undirected,20,20
zpk,czc,Undirected,20,20
hbk,prp,Undirected,20,20
lfj,dzp,Undirected,20,20
pvh,cms,Undirected,20,20
xxs,rcz,Undirected,20,20
nmm,bvm,Undirected,20,20
prk,mqh,Undirected,20,20
pgc,ftm,Undirected,20,20
bkj,bzq,Undirected,20,20
bgl,vkv,Undirected,20,20
qjr,hjd,Undirected,20,20
kht,zms,Undirected,20,20
gcj,qsf,Undirected,20,20
mcq,zdx,Undirected,20,20
hjh,kcz,Undirected,20,20
jkf,sfj,Undirected,20,20
vkr,zhl,Undirected,20,20
xcp,qzm,Undirected,20,20
spt,pzg,Undirected,20,20
flh,nhn,Undirected,20,20
cms,lkk,Undirected,20,20
dgx,zpk,Undirected,20,20
dzv,qpz,Undirected,20,20
ncf,nmd,Undirected,20,20
vjd,vvj,Undirected,20,20
dlg,rsr,Undirected,20,20
gvv,htc,Undirected,20,20
hfl,fjm,Undirected,20,20
gcb,nrn,Undirected,20,20
nsd,jsr,Undirected,20,20
zvl,dbx,Undirected,20,20
xmr,zjr,Undirected,20,20
cbp,rrb,Undirected,20,20
vqt,pbn,Undirected,20,20
bbq,pdb,Undirected,20,20
zdc,jkl,Undirected,20,20
tkh,zvl,Undirected,20,20
ssf,prc,Undirected,20,20
zjr,rhj,Undirected,20,20
xxz,lqh,Undirected,20,20
qlx,qbc,Undirected,20,20
nrr,xsf,Undirected,20,20
pcm,jvk,Undirected,20,20
nht,vdl,Undirected,20,20
qqg,fpk,Undirected,20,20
phk,pcl,Undirected,20,20
rbp,fmj,Undirected,20,20
mth,xsx,Undirected,20,20
zpl,pxb,Undirected,20,20
sjc,njf,Undirected,20,20
hbl,gzd,Undirected,20,20
jrd,lqq,Undirected,20,20
ngb,jjg,Undirected,20,20
rvc,xfm,Undirected,20,20
qsr,rlh,Undirected,20,20
vcd,svf,Undirected,20,20
ddv,ljm,Undirected,20,20
tvq,xvc,Undirected,20,20
gnq,dfr,Undirected,20,20
njs,zhk,Undirected,20,20
drn,nbh,Undirected,20,20
dlz,ddl,Undirected,20,20
txd,dqn,Undirected,20,20
bdq,psc,Undirected,20,20
gnf,ltx,Undirected,20,20
phc,rdq,Undirected,20,20
ppp,xgm,Undirected,20,20
rfn,qkk,Undirected,20,20
bvx,gsl,Undirected,20,20
knv,phv,Undirected,20,20
vjd,hnz,Undirected,20,20
rrb,rxk,Undirected,20,20
nkl,nfj,Undirected,20,20
xlb,dnn,Undirected,20,20
zms,dbj,Undirected,20,20
qqg,rbc,Undirected,20,20
mns,sqp,Undirected,20,20
dth,lnb,Undirected,20,20
zjr,hjp,Undirected,20,20
xdb,gsl,Undirected,20,20
kcp,rjz,Undirected,20,20
qdf,xgx,Undirected,20,20
fll,xxc,Undirected,20,20
pkc,mpb,Undirected,20,20
mvs,qgn,Undirected,20,20
jck,kfz,Undirected,20,20
xmr,skp,Undirected,20,20
hbq,kks,Undirected,20,20
skp,fqs,Undirected,20,20
dcj,vlb,Undirected,20,20
cbd,gzb,Undirected,20,20
mzj,dlf,Undirected,20,20
plj,vjz,Undirected,20,20
lqh,rqv,Undirected,20,20
pcl,cjz,Undirected,20,20
mlx,rnx,Undirected,20,20
bgj,qgj,Undirected,20,20
pzm,tlk,Undirected,20,20
pzg,knr,Undirected,20,20
tpf,dcl,Undirected,20,20
ttk,ksj,Undirected,20,20
mcv,jbh,Undirected,20,20
tmb,bpt,Undirected,20,20
lnb,vjs,Undirected,20,20
hlz,nsz,Undirected,20,20
hfg,spd,Undirected,20,20
hkr,qsf,Undirected,20,20
jtl,sjz,Undirected,20,20
fkp,psx,Undirected,20,20
hgz,khz,Undirected,20,20
pxn,pqj,Undirected,20,20
vvj,qrp,Undirected,20,20
nzt,nvk,Undirected,20,20
jpq,jpz,Undirected,20,20
lcr,hjh,Undirected,20,20
rbp,sfv,Undirected,20,20
ztm,vbk,Undirected,20,20
cts,nrn,Undirected,20,20
htt,sxz,Undirected,20,20
nxz,jgp,Undirected,20,20
psc,xvc,Undirected,20,20
gnq,hfx,Undirected,20,20
mmk,tfd,Undirected,20,20
fnx,jkh,Undirected,20,20
kdv,rqx,Undirected,20,20
pcm,kbz,Undirected,20,20
hdm,jbf,Undirected,20,20
gcv,pkz,Undirected,20,20
lcr,cct,Undirected,20,20
fnj,jlp,Undirected,20,20
zms,krc,Undirected,20,20
ljd,llg,Undirected,20,20
dnn,ctd,Undirected,20,20
vlb,qqg,Undirected,20,20
frd,llg,Undirected,20,20
kqm,fmj,Undirected,20,20
dvd,szz,Undirected,20,20
phc,xzr,Undirected,20,20
fzf,gnp,Undirected,20,20
lrs,dth,Undirected,20,20
bfb,gsc,Undirected,20,20
cvl,cbt,Undirected,20,20
lxx,jbf,Undirected,20,20
sdz,gxp,Undirected,20,20
rtc,bln,Undirected,20,20
gfc,vtr,Undirected,20,20
xgl,mlc,Undirected,20,20
sqs,bsb,Undirected,20,20
kcv,lkv,Undirected,20,20
pbx,vnq,Undirected,20,20
vdn,rgn,Undirected,20,20
xrs,njs,Undirected,20,20
jdh,qjr,Undirected,20,20
szt,pzv,Undirected,20,20
lmf,zpk,Undirected,20,20
zmr,kbz,Undirected,20,20
qsr,fkx,Undirected,20,20
mnx,cdl,Undirected,20,20
vkg,xdj,Undirected,20,20
hpx,fdh,Undirected,20,20
mcg,rxx,Undirected,20,20
lvv,cfg,Undirected,20,20
zdx,jxs,Undirected,20,20
phg,xzk,Undirected,20,20
xzk,fbr,Undirected,20,20
sgf,ncz,Undirected,20,20
nrh,hnl,Undirected,20,20
ntf,phl,Undirected,20,20
kzm,zkg,Undirected,20,20
xsz,jnv,Undirected,20,20
tmf,vpz,Undirected,20,20
lrf,bnj,Undirected,20,20
fdl,tfr,Undirected,20,20
ppn,kgz,Undirected,20,20
fqn,ndh,Undirected,20,20
dmx,mzf,Undirected,20,20
xxs,thh,Undirected,20,20
rmm,qdr,Undirected,20,20
dch,gzl,Undirected,20,20
nht,xdb,Undirected,20,20
bvp,grx,Undirected,20,20
mrr,tzz,Undirected,20,20
zrp,jql,Undirected,20,20
jzg,jxs,Undirected,20,20
vtz,xjg,Undirected,20,20
rsr,hnz,Undirected,20,20
vlq,nlq,Undirected,20,20
dxg,ccq,Undirected,20,20
qdj,rfx,Undirected,20,20
hfl,spl,Undirected,20,20
lgg,xhj,Undirected,20,20
hfg,ksz,Undirected,20,20
sdb,ngn,Undirected,20,20
dzt,jvd,Undirected,20,20
ptc,ppp,Undirected,20,20
lhf,fdg,Undirected,20,20
mkq,ctf,Undirected,20,20
sxp,cfg,Undirected,20,20
dlv,tqh,Undirected,20,20
gqc,dnj,Undirected,20,20
kcv,xld,Undirected,20,20
brm,bzr,Undirected,20,20
pdb,rgx,Undirected,20,20
pht,dzp,Undirected,20,20
xmb,mjz,Undirected,20,20
dbj,xgm,Undirected,20,20
bmf,xzk,Undirected,20,20
jzz,tdm,Undirected,20,20
pbk,bzf,Undirected,20,20
lnp,hjv,Undirected,20,20
qrv,tjj,Undirected,20,20
lpl,llf,Undirected,20,20
qrr,tgl,Undirected,20,20
ppn,kvr,Undirected,20,20
qlq,gvr,Undirected,20,20
scb,fkn,Undirected,20,20
trg,fbk,Undirected,20,20
qjh,tmh,Undirected,20,20
zkg,ztt,Undirected,20,20
trz,kld,Undirected,20,20
rzq,qcp,Undirected,20,20
lvp,bpf,Undirected,20,20
msc,nfj,Undirected,20,20
kkj,xzm,Undirected,20,20
ndf,cxb,Undirected,20,20
vnr,jsd,Undirected,20,20
bkq,lgt,Undirected,20,20
nmn,ssr,Undirected,20,20
cxb,hpq,Undirected,20,20
pqn,hhj,Undirected,20,20
khq,kkb,Undirected,20,20
jdx,ctd,Undirected,20,20
rtc,sgg,Undirected,20,20
sdb,gqt,Undirected,20,20
kxg,rmm,Undirected,20,20
gqr,kcp,Undirected,20,20
qlb,nss,Undirected,20,20
jkl,dfh,Undirected,20,20
ppp,vtm,Undirected,20,20
hnb,ckq,Undirected,20,20
hcq,lsl,Undirected,20,20
ccl,rxj,Undirected,20,20
jdx,mjk,Undirected,20,20
pzk,rbc,Undirected,20,20
tjf,bpf,Undirected,20,20
szj,jjg,Undirected,20,20
njv,rjb,Undirected,20,20
kjl,ncm,Undirected,20,20
kdv,rbh,Undirected,20,20
kfl,ljg,Undirected,20,20
jqk,pmf,Undirected,20,20
vnq,tzm,Undirected,20,20
rvn,tjp,Undirected,20,20
bvm,tpt,Undirected,20,20
mlc,zxx,Undirected,20,20
qqr,hfk,Undirected,20,20
vxc,ldd,Undirected,20,20
jfc,qpg,Undirected,20,20
sjq,bvm,Undirected,20,20
gjp,mcz,Undirected,20,20
cqj,cbr,Undirected,20,20
pfb,llf,Undirected,20,20
kml,nbq,Undirected,20,20
qrc,blv,Undirected,20,20
ntg,qxz,Undirected,20,20
xsv,dkl,Undirected,20,20
qvb,fbp,Undirected,20,20
pzj,shl,Undirected,20,20
pgt,qxm,Undirected,20,20
pvf,kks,Undirected,20,20
qsl,cfj,Undirected,20,20
sdr,lrs,Undirected,20,20
fxk,gzr,Undirected,20,20
kzq,vrg,Undirected,20,20
gvv,tgc,Undirected,20,20
kvx,tpt,Undirected,20,20
ndr,ksj,Undirected,20,20
sjz,tll,Undirected,20,20
hnq,bdj,Undirected,20,20
bqf,vjz,Undirected,20,20
jms,spv,Undirected,20,20
gdg,vxm,Undirected,20,20
nss,jvf,Undirected,20,20
mqt,bzf,Undirected,20,20
kfl,dhp,Undirected,20,20
jdh,nnp,Undirected,20,20
dkx,mfk,Undirected,20,20
khq,cvt,Undirected,20,20
sjq,ncm,Undirected,20,20
fhl,hvx,Undirected,20,20
kqm,vpt,Undirected,20,20
xsz,ljm,Undirected,20,20
bkj,pzg,Undirected,20,20
tln,fqf,Undirected,20,20
zph,nzg,Undirected,20,20
hnv,tgl,Undirected,20,20
ljf,rzp,Undirected,20,20
dts,fpj,Undirected,20,20
qdf,qqb,Undirected,20,20
qqp,nbq,Undirected,20,20
msr,hxq,Undirected,20,20
zph,srp,Undirected,20,20
jzz,qxx,Undirected,20,20
kqt,xnx,Undirected,20,20
sqf,jdf,Undirected,20,20
hmz,sqz,Undirected,20,20
jnn,frn,Undirected,20,20
qlb,tqm,Undirected,20,20
nnm,rzq,Undirected,20,20
vkf,cts,Undirected,20,20
gqc,dzz,Undirected,20,20
cct,fxj,Undirected,20,20
ktf,qjh,Undirected,20,20
fll,slv,Undirected,20,20
tqh,dpg,Undirected,20,20
psz,rln,Undirected,20,20
mth,pvf,Undirected,20,20
rmx,jlk,Undirected,20,20
nnv,xtk,Undirected,20,20
ktf,flh,Undirected,20,20
hcr,rvl,Undirected,20,20
ttk,mqt,Undirected,20,20
ggm,lfd,Undirected,20,20
xlk,jbh,Undirected,20,20
skv,gnf,Undirected,20,20
vvc,plh,Undirected,20,20
clf,kxf,Undirected,20,20
jnf,zss,Undirected,20,20
lfj,nnx,Undirected,20,20
qgb,ckt,Undirected,20,20
nsc,bqd,Undirected,20,20
rhf,ldd,Undirected,20,20
vqg,fgb,Undirected,20,20
dlz,lkf,Undirected,20,20
kbl,gfc,Undirected,20,20
vbv,tdr,Undirected,20,20
jpz,xfh,Undirected,20,20
qmh,tzd,Undirected,20,20
ffp,vvc,Undirected,20,20
rmm,ssr,Undirected,20,20
jfv,vrd,Undirected,20,20
krt,qbm,Undirected,20,20
rkb,qrc,Undirected,20,20
dfr,pnz,Undirected,20,20
vqv,fnx,Undirected,20,20
xcs,tbn,Undirected,20,20
zvz,ntg,Undirected,20,20
gmt,tln,Undirected,20,20
pvh,pgh,Undirected,20,20
pqg,nlf,Undirected,20,20
sdf,hlt,Undirected,20,20
cxb,rhc,Undirected,20,20
lbv,cxn,Undirected,20,20
mlb,gmk,Undirected,20,20
tfb,rgr,Undirected,20,20
zbv,dfh,Undirected,20,20
dvd,mbk,Undirected,20,20
dch,nsx,Undirected,20,20
lbt,prc,Undirected,20,20
gcj,xsv,Undirected,20,20
zth,bql,Undirected,20,20
mjz,rhj,Undirected,20,20
jrr,tll,Undirected,20,20
qqq,tlz,Undirected,20,20
qfg,rkq,Undirected,20,20
ptp,qgm,Undirected,20,20
xvb,lhr,Undirected,20,20
hcm,tbk,Undirected,20,20
crr,jgp,Undirected,20,20
jnn,zlk,Undirected,20,20
jfk,vbk,Undirected,20,20
mph,vjs,Undirected,20,20
cvh,dmx,Undirected,20,20
rqv,xtq,Undirected,20,20
nzg,lrc,Undirected,20,20
vzm,rgr,Undirected,20,20
rpx,pxn,Undirected,20,20
spz,xct,Undirected,20,20
pfd,lkf,Undirected,20,20
mnp,vzr,Undirected,20,20
lld,gpl,Undirected,20,20
nth,xzp,Undirected,20,20
xgm,jkl,Undirected,20,20
tgc,tsq,Undirected,20,20
xhg,frh,Undirected,20,20
znx,zml,Undirected,20,20
jkg,gnp,Undirected,20,20
ngn,csk,Undirected,20,20
qmp,xgm,Undirected,20,20
fnx,tfd,Undirected,20,20
qdr,qgn,Undirected,20,20
trz,fdg,Undirected,20,20
plb,bpg,Undirected,20,20